"","Genotype","Treatment","Roottype","Type","Filename","Root area","Metaxylem number","Total Metaxylem area","Cortical cell size","Cortical file number","Stele area","Cortex area","Aerenchyma area","Aerenchyma percent","RXA","TSA","TCA","AA","aerenchyma","radius","r_stele","MXA","nX","X_size","CF","OneC","OC","ratio","nPX","PXA_1","k_protxyl_s","kx_unM","LMXA","LMXA_1","k_Mxyl_s","kx_M","m_CF","m_OC","m_aerenchyma","id","model_RXA","model_TSA","model_XVA","model_AA","Kx","Kr1","Kr2","Kr3","kr1_new","kr2_new","kr3_new"
"1","GBL","non-sheltered","CR5","Landrace","GBL-WW-CR5-2(yellowx10).tif",1.22682941436037,5,0.0833388899327573,0.00402377541104983,5,0.551052205641941,0.675777208718426,0.0309291978617231,4.57683352778034,1.22682941436037,0.551052205641941,0.675777208718426,0.0309291978617231,0.0457683352778034,0.624909538454947,0.418814236695952,0.0833388899327573,5,0.145677980681171,5,0.041219060351799,0.0715767418403606,6.64535789761004,33.2267894880502,178.545582415699,0.0547951481883456,0.0364133370764135,0.0833388899327573,16667.7779865515,477.528505337637,47.7892638708401,5,0.0890170165055949,0.0340597762993061,1,1.30106857274435,0.573264014506196,0.0714826792644818,0.0336222384269605,35.2475514187089,6.35233235738365e-05,2.62783245151323e-05,2.33965551562015e-05,0.000161784231576918,6.69268907800127e-05,5.95874630692662e-05
"2","GBL","non-sheltered","CR5","Landrace","GBL-WW-CR5-1(yellowx10).tif",1.23204883470135,5,0.0520976955369253,0.00131758409029773,4,0.511371406473933,0.720677428227417,0.0161080178165125,2.23512173208087,1.23204883470135,0.511371406473933,0.720677428227417,0.0161080178165125,0.0223512173208087,0.626237434482049,0.403453311043995,0.0520976955369253,5,0.115180593979356,5,0.0445568246876108,0.0409585176401805,6.41629577428805,32.0814788714403,178.924981280585,0.0550282685453355,0.0353077646933824,0.0520976955369253,10419.5391073851,186.612574824385,18.6965652471319,5,0.0890170165055949,0.0340597762993061,2,1.30649358595754,0.529203197881814,0.0446380292873857,0.0176592682140523,13.7183297706395,6.00824750275464e-05,2.50736298039289e-05,2.25219875115882e-05,0.000152696443350409,6.37233085219843e-05,5.7238444132422e-05
"3","GBL","non-sheltered","CR5","Landrace","GBL-WW-CR5-4(yellowx10).tif",1.41171572720198,9,0.0811921807402592,0.0026188901225034,7,0.397477850700819,1.01423787650116,NA,NA,1.41171572720198,0.397477850700819,1.01423787650116,NA,0.0340597762993061,0.670345487379105,0.355698087452203,0.0811921807402592,9,0.107174362212955,7,0.044949628560986,0.0577449085832478,3.16898326671514,28.5208494004363,191.527282108316,0.0630529163764641,0.0359664546446287,0.0811921807402592,9021.35341558436,139.890196687897,25.2162018584661,5,0.0890170165055949,0.0340597762993061,3,1.5370048376127,0.437533393272366,0.0698212883990442,0.0359470595236711,18.6652645473324,4.86857304876509e-05,2.14419887183343e-05,1.96755348798448e-05,0.000115590763435204,5.09080550028914e-05,4.67141003118792e-05
"4","GBL","non-sheltered","CR5","Landrace","GBL-WW-CR5-3(yellowx10).tif",1.5484381642016,8,0.0559115993220248,0.00285028705763628,5,0.446333729209116,1.10210443499249,NA,NA,1.5484381642016,0.446333729209116,1.10210443499249,NA,0.0340597762993061,0.702056390761917,0.376924977342362,0.0559115993220248,8,0.0943324303104384,5,0.065026282683911,0.0602419969425761,3.76294078883082,30.1035263106465,200.587540217691,0.0691594916740346,0.0416388915448049,0.0559115993220248,6988.9499152531,83.959094014099,13.4750939338006,5,0.0890170165055949,0.0340597762993061,4,1.71483169226802,0.493986721917412,0.0480759659935349,0.0422731975428485,9.95421719623156,4.77892708686684e-05,2.19939976102689e-05,2.05027190165554e-05,0.000108337432513814,4.98600038983579e-05,4.64793016807047e-05
"5","BS","sheltered","CR5","Landrace","BS-DS-CR5-7.tif",2.95510150758519,12,0.21991079326985,NA,NA,1.59634481318984,1.35875669439536,NA,NA,2.95510150758519,1.59634481318984,1.35875669439536,NA,0.107105637260228,0.969864951702551,0.712834017002935,0.21991079326985,12,0.152752282663046,7.8,0.0329526839358482,0.0486998152602423,4.59574202564491,55.1489043077389,277.104271915015,0.131986748218095,0.145578490947386,0.21991079326985,18325.8994391542,577.264014575314,138.688941989023,7.8,0.0486998152602423,0.107105637260228,5,2.89419274084775,1.63156298273255,0.187971443693054,0.135966731598742,101.445718348771,0.000108110970087211,4.57405761617013e-05,3.98823158251731e-05,0.000177410218418912,7.50603347736885e-05,6.5446923248291e-05
"6","BS","sheltered","SR","Landrace","BS-DS-SR-2.tif",3.04054025956341,7,0.129322634008028,0.00133799658997141,7,1.3477362848604,1.69280397470301,0.220512260174355,13.026449811653,3.04054025956341,1.3477362848604,1.69280397470301,0.220512260174355,0.13026449811653,0.983785557913341,0.654979223670248,0.129322634008028,7,0.153371021498444,7,0.046972333463299,0.041274570489254,7.26217870240767,50.8352509168537,281.08158797524,0.135802787368179,0.13807137542139,0.129322634008028,18474.6620011468,586.674065652559,82.2724405667797,8.125,0.0498733406134783,0.0560689678901301,6,3.17831215366513,1.39000740991043,0.110570111339693,0.228979967467262,60.2465566883919,7.82680906177893e-05,3.72200243958063e-05,3.36986414118281e-05,0.000126620617755428,6.02138425080979e-05,5.45170165696428e-05
"7","BS","sheltered","CR4","Landrace","BS-DS-CR4-5.tif",3.23001452246784,12,0.221976980643699,0.00270001648591223,8,1.18469728435677,2.04531723811106,0.0486500867537398,2.37860835704246,3.23001452246784,1.18469728435677,2.04531723811106,0.0486500867537398,0.0237860835704246,1.01397512544378,0.614085383107146,0.221976980643699,12,0.153468202400494,8,0.0499862177920792,0.0586324804293689,3.98218384703907,47.7862061644688,289.707178698223,0.144265471904593,0.137877991656945,0.221976980643699,18498.0817203082,588.162423119085,141.296859540237,8.14285714285714,0.0525560395837794,0.0979241578370994,7,3.10166142680295,1.24971353972665,0.190131743511907,0.0452909197109013,103.731992373344,7.88687914666421e-05,3.72750773264303e-05,3.39878794488441e-05,0.000123793549788574,5.85074787513902e-05,5.33478473362699e-05
"8","BS","sheltered","SR","Landrace","BS-DS-SR-3.tif",3.2641315485158,7,0.113291688752085,0.0011762286153457,6,1.06705809294834,2.19707345556746,0.210806035198413,9.59485604198728,3.2641315485158,1.06705809294834,2.19707345556746,0.210806035198413,0.0959485604198728,1.01931611470485,0.582799399551749,0.113291688752085,7,0.143550617358967,6,0.0727527858588497,0.0386991057610796,6.4933604615112,45.4535232305784,291.233175629956,0.145789275846821,0.132532724729454,0.113291688752085,16184.5269645836,450.239826270073,63.1661084025397,8.125,0.0498733406134783,0.0560689678901301,8,3.06892515358562,1.15182499284155,0.0958429907568172,0.190552156695977,45.3254820967182,6.90575267668236e-05,3.45490084248717e-05,3.21945417396208e-05,0.000107825693953866,5.39444573711468e-05,5.02682179210193e-05
"9","PM","sheltered","SR","Modern","PM-DS-SR-5.tif",3.33254086676255,5,0.0486415790239084,0.00347029892756034,7,0.507582051410559,2.82495881535199,0.163175255225601,5.77619943833658,3.33254086676255,0.507582051410559,2.82495881535199,0.163175255225601,0.0577619943833658,1.02994208769329,0.401955700312149,0.0486415790239084,5,0.11129454787329,7,0.089712341054449,0.0664719627107689,6.39396340305476,31.9698170152738,294.269167912369,0.148844711824241,0.0951707640142431,0.0486415790239084,9728.31580478169,162.674397892701,16.3626105532843,10,0.0646778613399488,0.0670194084649602,9,3.66925348278761,0.578177200869206,0.0414390056530587,0.178911962909929,11.8678651038841,3.86734588934572e-05,2.06561152270653e-05,1.99631052465342e-05,5.9761342146335e-05,3.19194922000527e-05,3.08485973863398e-05
"10","BS","non-sheltered","CR5","Landrace","BS-WW-CR5-3.tif",3.42655166285346,11,0.174513174000483,0.00186986607599325,7,1.29083298582053,2.13571867703293,0.351985970478613,16.4809145635048,3.42655166285346,1.29083298582053,2.13571867703293,0.351985970478613,0.164809145635048,1.04436835925155,0.641003042737564,0.174513174000483,11,0.142125768316357,7,0.0576236166448544,0.0487933133873215,4.52665335150116,49.7931868665128,298.390959786156,0.153043613026648,0.152410584443243,0.174513174000483,15864.8340000439,432.628326537266,95.3306424226418,7.375,0.0541338319466108,0.139974159981116,10,3.59972653341485,1.33671818523373,0.150297867763568,0.369525723904851,70.764601169887,6.64318482308769e-05,3.40410917575044e-05,3.1479343903847e-05,0.000101237814522185,5.18764090606337e-05,4.79724720038195e-05
"11","BS","sheltered","CR5","Landrace","BS-DS-CR5-4.tif",3.45428712910295,14,0.257530068802525,0.00177975196215587,6,1.7393769535247,1.71491017557825,0.141440209300358,8.24767450299053,3.45428712910295,1.7393769535247,1.71491017557825,0.141440209300358,0.0824767450299053,1.04858654526505,0.744083920070281,0.257530068802525,14,0.153040019872894,6,0.0507504375324617,0.0476030521924472,4.10563550574572,57.4788970804401,299.596155790015,0.154282390778,0.177359633217058,0.257530068802525,18395.004914466,581.625854405257,163.032598866689,7.8,0.0486998152602423,0.107105637260228,11,3.33947666835602,1.83494133130137,0.219502575702187,0.128448165098709,118.489822158767,0.000102649692415659,4.66479622460305e-05,4.16488905482336e-05,0.000155802170346228,7.08024894096199e-05,6.32148756340296e-05
"12","BS","sheltered","CR5","Landrace","BS-DS-CR5-1.tif",3.48828841535187,15,0.223966478731217,0.00187457979546835,10,1.67887496221436,1.80941345313751,0.195070784769923,10.7808850670184,3.48828841535187,1.67887496221436,1.80941345313751,0.195070784769923,0.107808850670184,1.05373463854373,0.731028383949124,0.223966478731217,15,0.137879893969515,10,0.0322706254594608,0.0488547758704495,3.76703175381645,56.5054763072467,301.067039583923,0.155801025314143,0.176072222890661,0.223966478731217,14931.0985820811,383.201687497786,115.136578472227,7.8,0.0486998152602423,0.107105637260228,12,3.38934790635456,1.71945527391381,0.191107092945273,0.179666160380855,83.8262978732275,0.00010349665105942,4.5629764897091e-05,4.01849197168223e-05,0.000156320225292472,6.89187046705563e-05,6.06948692464171e-05
"13","BS","non-sheltered","CR5","Landrace","BS-WW-CR5-2.tif",3.51502865249931,10,0.180061092843683,0.00247615127270323,7,1.39594918170362,2.11907947079569,0.507443372693622,23.9464059600881,3.51502865249931,1.39594918170362,2.11907947079569,0.507443372693622,0.239464059600881,1.05776574453412,0.666591647972307,0.180061092843683,10,0.151413640031804,7,0.0558820137945445,0.0561492094258864,5.17010732728152,51.7010732728152,302.218784152605,0.15699535212106,0.162336564070047,0.180061092843683,18006.1092843683,557.29308012824,111.620952589718,7.375,0.0541338319466108,0.139974159981116,13,3.75500704004835,1.4855241969362,0.155910112602375,0.538654456354013,83.7313349324226,6.69093840680508e-05,3.49221230238216e-05,3.21827182445691e-05,0.00010067407900749,5.25449848534514e-05,4.84231855420204e-05
"14","BS","sheltered","CR4","Landrace","BS-DS-CR4-9.tif",3.56378566071802,18,0.243563824969576,0.00127638028474124,9,1.61127229147805,1.95251336923997,0.325494930120079,16.6705608907959,3.56378566071802,1.61127229147805,1.95251336923997,0.325494930120079,0.166705608907959,1.06507662073983,0.716159130159962,0.243563824969576,18,0.131257823812995,9,0.0387686100644299,0.0403129985569528,3.07760137470704,55.3968247447268,304.307605925666,0.159173036695047,0.176353616357629,0.243563824969576,13531.3236094209,314.720076593548,113.475581190035,8.14285714285714,0.0525560395837794,0.0979241578370994,14,3.73380562914522,1.68043985481475,0.208677730591256,0.343295671641874,83.2850203616513,8.59095825356741e-05,4.07836262180749e-05,3.65955470828645e-05,0.000128375127697537,6.09431808324745e-05,5.46849128032151e-05
"15","GBL","sheltered","CR5","Landrace","GBL-DS-CR5-4.tif",3.59367873782576,9,0.231422787317118,0.0063807764326574,7,0.836119739132789,2.75755899869297,0.0643099859233986,2.33213454195831,3.59367873782576,0.836119739132789,2.75755899869297,0.0643099859233986,0.0233213454195831,1.06953423040987,0.515892604133243,0.231422787317118,9,0.180940949349962,7,0.0790916608966607,0.0901346597052076,4.49610584046384,40.4649525641746,305.581208688534,0.160508182046757,0.129899119453678,0.231422787317118,25713.6430352354,1136.50436567425,204.700684940819,7,0.0757327290135203,0.0183335792206348,15,3.92527334331288,0.927559023556947,0.198535387732471,0.068827439297259,150.852930743382,5.10355525874821e-05,2.70414012977371e-05,2.57835332827156e-05,7.59448387604332e-05,4.02396909074819e-05,3.83678862783664e-05
"16","BS","sheltered","CR5","Landrace","BS-DS-CR5-5.tif",3.62183414235787,16,0.230176461506953,0.00223457642153043,10,1.72637088747107,1.8954632548868,0.171426974846754,9.04406742809646,3.62183414235787,1.72637088747107,1.8954632548868,0.171426974846754,0.0904406742809646,1.07371579742057,0.74129678314554,0.230176461506953,16,0.135339797606308,10,0.0332419014275035,0.0533399574955336,3.57944300945821,57.2710881513314,306.775942120164,0.16176571593499,0.185289971543521,0.230176461506953,14386.0288441846,355.734298848013,114.020265602908,7.8,0.0486998152602423,0.107105637260228,16,3.48344550077878,1.7458024774439,0.196666373514425,0.15747092554632,83.2270801813156,0.000103744864680595,4.59514409755367e-05,4.05786426692295e-05,0.000153779129207027,6.81129866117399e-05,6.01489852368993e-05
"17","BS","sheltered","CR5","Landrace","BS-DS-CR5-2.tif",3.71883562406291,19,0.296690913127601,0.00163695882672954,7,1.97608067269282,1.74275495137009,0.213496625346348,12.2505246752278,3.71883562406291,1.97608067269282,1.74275495137009,0.213496625346348,0.122505246752278,1.08799914716497,0.79309899383043,0.296690913127601,19,0.14100365862324,7,0.042128593333505,0.0456534852042571,3.21755057789457,61.1334609799969,310.85689918999,0.166098193215287,0.203083148275495,0.296690913127601,15615.3112172422,419.126552997443,159.471173287304,7.8,0.0486998152602423,0.107105637260228,17,3.86765420090317,2.02988338236766,0.255317131298295,0.223352886442398,118.110656970769,0.000100393005585384,4.63457815866806e-05,4.12564738109755e-05,0.000146857128816697,6.77956435002532e-05,6.03508905192413e-05
"18","BS","sheltered","CR4","Landrace","BS-DS-CR4-8.tif",3.73821951611001,17,0.212939283427539,0.00189994558639202,7,1.80313632693199,1.93508318917802,0.243835070004366,12.6007538780771,3.73821951611001,1.80313632693199,1.93508318917802,0.243835070004366,0.126007538780771,1.09083098081371,0.757598916973606,0.212939283427539,17,0.126286955287298,7,0.0476045805485864,0.0491842032917008,3.44038677938541,58.486575249552,311.665994518203,0.166963955989439,0.195302999518784,0.212939283427539,12525.84020162,269.685515057812,91.8883781191749,8.14285714285714,0.0525560395837794,0.0979241578370994,18,3.86939976458877,1.83468245518719,0.182600330714434,0.254268244174132,67.5958022228126,8.86206311396591e-05,4.26254908376813e-05,3.85064307193067e-05,0.000129299696780513,6.21916473574547e-05,5.61818365777592e-05
"19","PM","non-sheltered","CR4","Modern","PM-WW-CR4-1.tif",3.77206699188377,10,0.251577919157224,0.00196425250287045,5,1.28984806385451,2.48221892802926,0.0860668058364445,3.46733339531726,3.77206699188377,1.28984806385451,2.48221892802926,0.0860668058364445,0.0346733339531726,1.09575828304611,0.640758449339462,0.251577919157224,10,0.178974566699619,5,0.0909999667413292,0.0500096386959522,4.97749499827503,49.7749499827503,313.073795156031,0.168475720729602,0.167717411452475,0.251577919157224,25157.7919157224,1087.89987909429,217.74769323031,7,0.051114168343099,0.0205203812219914,19,4.11757129217025,1.39132058383955,0.216768657824819,0.100996248040717,162.147173202991,6.55354736267618e-05,3.42483508413272e-05,3.25209907040038e-05,9.51879144967302e-05,4.9744495784143e-05,4.7235567413639e-05
"20","W2","non-sheltered","SR","Modern","W2-WW-SR-4.tif",3.77472358017716,6,0.100591515536604,0.00247544204321965,8,0.69351400944669,3.08120957073047,0.116029412914392,3.76570986980558,3.77472358017716,0.69351400944669,3.08120957073047,0.116029412914392,0.0376570986980558,1.09614407501088,0.469842915679102,0.100591515536604,6,0.146103328416367,8,0.0782876449164725,0.0561411676056641,6.17191463217231,37.0314877930339,313.184021431681,0.168594374674077,0.124866010554345,0.100591515536604,16765.2525894339,483.130092616646,58.1004771245519,8.77777777777778,0.0745880022322561,0.0790245276982294,20,3.54659854919714,0.767277043480294,0.0862688810176818,0.105378546550381,42.7823532442325,5.07915217447486e-05,2.66348119012613e-05,2.54207494105034e-05,7.37468909162873e-05,3.86724890372325e-05,3.69097276354099e-05
"21","BS","sheltered","CR4","Landrace","BS-DS-CR4-1.tif",3.82510164276236,12,0.237588827305165,0.00178976302367907,NA,1.44288335211662,2.38221829064574,0.307831857944372,12.9220676019966,3.82510164276236,1.44288335211662,2.38221829064574,0.307831857944372,0.129220676019966,1.10343448765621,0.677704976806816,0.237588827305165,12,0.158773289712142,8.14285714285714,0.05228257150782,0.0477367474536438,4.37747358922635,52.5296830707162,315.266996473202,0.170844462072117,0.179488108940706,0.237588827305165,19799.0689420971,673.803748821579,161.89238782612,8.14285714285714,0.0525560395837794,0.0979241578370994,21,3.97483431641411,1.50784213183124,0.203387960621298,0.322683458213942,118.735157453182,7.21254377563855e-05,3.66983911951337e-05,3.37586012647585e-05,0.00010403082439428,5.2932280326237e-05,4.86920458192948e-05
"22","BS","non-sheltered","CR4","Landrace","BS-WW-CR4-15.tif",3.86062200093402,6,0.124566839809494,0.00476868828137305,8,1.11896978522176,2.74165221571225,0.126740783946438,4.62278852219453,3.86062200093402,1.11896978522176,2.74165221571225,0.126740783946438,0.0462278852219453,1.10854596193209,0.596807460557457,0.124566839809494,6,0.162585068199255,8,0.0639673126718293,0.0779210016385783,7.74966070986066,46.497964259164,316.727417694883,0.172430944485187,0.160353757876922,0.124566839809494,20761.139968249,740.877285398226,89.065628005664,8.27272727272727,0.056343910714854,0.0835746175092429,22,3.70508682502181,1.21412327822406,0.108527132914339,0.114162515461138,67.6708363195327,6.69615119565734e-05,3.42177609557309e-05,3.19697691222123e-05,9.61372463638867e-05,4.91267478720475e-05,4.58992857313609e-05
"23","BS","non-sheltered","CR4","Landrace","BS-WW-CR4-17.tif",3.87278961963536,7,0.190425325109835,0.00364517444065675,7,1.16357532601988,2.70921429361549,0.0565426759352478,2.08705070206133,3.87278961963536,1.16357532601988,2.70921429361549,0.0565426759352478,0.0208705070206133,1.11029150363312,0.608586501322248,0.190425325109835,7,0.186109435643537,7,0.0716721431872678,0.0681262082116865,6.76802993408383,47.3762095385868,317.226143895178,0.172974399395899,0.163897427811826,0.190425325109835,27203.6178728335,1272.0296033408,178.248041895524,8.27272727272727,0.056343910714854,0.0835746175092429,23,4.05926821124247,1.19357534328306,0.163094624003967,0.060704956537741,130.984795325333,6.10103080940354e-05,3.18697733432413e-05,3.00738653285264e-05,8.74553401602337e-05,4.56837861606406e-05,4.31094384605553e-05
"24","BS","non-sheltered","CR4","Landrace","BS-WW-CR4-14.tif",3.88098897068509,6,0.172222423125894,0.00182539800626317,7,1.01765685980785,2.86333211087724,0.0666276510005081,2.32692710522131,3.88098897068509,1.01765685980785,2.86333211087724,0.0666276510005081,0.0232692710522131,1.1114662197023,0.569148696932172,0.172222423125894,6,0.191171999176135,7,0.0774739318243038,0.0482096352035046,7.40595447387712,44.4357268432627,317.5617770578,0.173340615473341,0.154050324800328,0.172222423125894,28703.7371876491,1416.18756620766,170.096558269719,8.27272727272727,0.056343910714854,0.0835746175092429,24,4.17495503455966,1.09306412338256,0.148296792080111,0.0707380390799555,126.60965048483,5.57388913184979e-05,2.96196820923076e-05,2.81489988325449e-05,7.98145721259704e-05,4.24135140972966e-05,4.03075885517014e-05
"25","GBL","sheltered","CR5","Landrace","GBL-DS-CR5-2.tif",3.88544974162445,9,0.218205164071681,0.00417024901907141,7,0.76803106104268,3.11741868058177,NA,NA,3.88544974162445,0.76803106104268,3.11741868058177,NA,0.0183335792206348,1.11210479048933,0.494440976888153,0.218205164071681,9,0.175697797292678,7,0.088237687657311,0.0728678664602906,4.31839102630897,38.8655192367807,317.744225854094,0.1735398514892,0.134894328728032,0.218205164071681,24245.0182301868,1010.38971582653,182.005043177503,7,0.0757327290135203,0.0183335792206348,25,4.23735189335248,0.850912874900368,0.188752093124981,0.0613186543078262,136.553835364037,4.73018565638165e-05,2.54242197046219e-05,2.4451549064433e-05,6.76943787486315e-05,3.63849726648918e-05,3.49929694857821e-05
"26","PM","non-sheltered","SR","Modern","PM-WW-SR-9.tif",3.91326279852005,5,0.106291075861989,0.00414686739432228,9,0.71634138389246,3.19692141462759,0.111771738280539,3.49623039744189,3.91326279852005,0.71634138389246,3.19692141462759,0.111771738280539,0.0349623039744189,1.11607805999588,0.477512873518137,0.106291075861989,5,0.16451990824209,9,0.0709516873864165,0.0726633026583845,7.52067196990245,37.6033598495123,318.87944571311,0.174782094751651,0.131447880083957,0.106291075861989,21258.2151723977,776.779014847044,77.8093493647884,9.75,0.0692385323611717,0.0254878349035259,26,4.15478397538182,0.764216053929516,0.0920162034473281,0.120863593589515,58.3437205578089,4.47088881996393e-05,2.40876119946823e-05,2.30401245562871e-05,6.3755760570562e-05,3.43494120496146e-05,3.28556742043615e-05
"27","GBL","non-sheltered","SR","Landrace","GBL-WW-SR-4.tif",3.93868100073179,8,0.0780265007375349,0.00171819083729197,9,1.13559866987338,2.80308233085842,0.138997265029891,4.9587293066531,3.93868100073179,1.13559866987338,2.80308233085842,0.138997265029891,0.049587293066531,1.11969687909594,0.60122565094801,0.0780265007375349,8,0.111437441125243,9,0.0576079142386592,0.0467725188485906,5.85342306683545,46.8273845346836,319.913394027412,0.175917374147931,0.16475501051114,0.0780265007375349,9753.31259219187,163.511451628356,26.3265872710481,8.83333333333333,0.0626694263130119,0.0755513352331297,27,4.21540314557872,1.22608953083678,0.0670865788326228,0.148856635803451,19.3867549886557,6.08494822019546e-05,3.16653789460232e-05,2.96320544969503e-05,8.64921217324707e-05,4.50095171132989e-05,4.21193274287403e-05
"28","W2","non-sheltered","SR","Modern","W2-WW-SR-9.tif",3.94002530816628,6,0.0804535378374473,0.00421624255757242,9,0.512600202412425,3.42742510575386,0.285678320585695,8.33507113273187,3.94002530816628,0.512600202412425,3.42742510575386,0.285678320585695,0.0833507113273187,1.11988794412819,0.403937757690077,0.0804535378374473,6,0.130662814072766,9,0.079550020715346,0.073268593234049,5.35293320222869,32.1175992133721,319.967984036626,0.175977416338167,0.113039442571079,0.0804535378374473,13408.9229729079,309.052085882236,37.1992897484394,8.77777777777778,0.0745880022322561,0.0790245276982294,28,4.21476674599179,0.558784090595139,0.0686316449283016,0.302327599285913,27.0702648026202,3.61172410209476e-05,1.98151935513556e-05,1.91563324831883e-05,5.13286839943622e-05,2.81607282099636e-05,2.72243756368385e-05
"29","W2","non-sheltered","SR","Modern","W2-WW-SR-6.tif",3.9406490416465,6,0.0961621727723807,0.00198017364256249,9,0.578622681100961,3.36202636054554,0.288478296173322,8.58048882539137,3.9406490416465,0.578622681100961,3.36202636054554,0.288478296173322,0.0858048882539137,1.11997658365555,0.429163511688269,0.0961621727723807,6,0.142850435235278,9,0.0767570079963648,0.0502119048349376,5.66640523857955,33.9984314314773,319.993309615872,0.17600527479027,0.119678065330706,0.0961621727723807,16027.0287953968,441.519532858856,53.1020220083935,8.77777777777778,0.0745880022322561,0.0790245276982294,29,4.21668076164989,0.629584408347866,0.0820355682841359,0.301901492720052,38.6780216252924,3.87821440088091e-05,2.12496609248855e-05,2.04722370890035e-05,5.51115979814271e-05,3.01969579058838e-05,2.90921951084847e-05
"30","BS","sheltered","SR","Landrace","BS-DS-SR-5.tif",3.9444637567212,8,0.155747881136281,0.00179632680289323,9,1.10152088217368,2.84294287454752,0.155612538688122,5.47364282558401,3.9444637567212,1.10152088217368,2.84294287454752,0.155612538688122,0.0547364282558401,1.12051854489697,0.592135952829899,0.155747881136281,8,0.157442196246521,9,0.0587091768963407,0.0478242022485619,5.76870708037466,46.1496566429973,320.148155684847,0.176175655346334,0.162608920061767,0.155747881136281,19468.4851420351,651.490679983528,104.401117717426,8.125,0.0498733406134783,0.0560689678901301,30,4.0920373370303,1.12111328732308,0.134083716221888,0.16368939717094,77.5688150559966,5.85129771210764e-05,3.06440080745465e-05,2.87521964556223e-05,8.31099992610886e-05,4.35257888717986e-05,4.08387189261767e-05
"31","BS","sheltered","SR","Landrace","BS-DS-SR-1.tif",4.09063446703544,7,0.150739751173354,0.0029417145275795,6,1.32533504002001,2.76529942701543,0.286179437359124,10.3489493601781,4.09063446703544,1.32533504002001,2.76529942701543,0.286179437359124,0.103489493601781,1.1410913160749,0.649513083581969,0.150739751173354,7,0.165584597350225,6,0.0819297054154881,0.0612005495550174,7.20395650169595,50.4276955118716,326.026090307114,0.182704228625318,0.184267064196978,0.150739751173354,21534.250167622,797.082721930856,111.775848134517,8.125,0.0498733406134783,0.0560689678901301,31,3.84521371554384,1.43247400377363,0.128435342252732,0.247711810335363,81.2167734401591,7.10810083219903e-05,3.71630356897844e-05,3.49530221158417e-05,9.9141003660555e-05,5.18335451949184e-05,4.87511049060636e-05
"32","W2","sheltered","SR","Modern","W2-DS-SR-2.tif",4.10463863402576,6,0.0764987384483684,0.0022968916528122,10,0.874264063594416,3.23037457043134,0.120325781651102,3.72482444458554,4.10463863402576,0.874264063594416,3.23037457043134,0.120325781651102,0.0372482444458554,1.14304289351814,0.52752904619302,0.0764987384483684,6,0.127410896260102,10,0.0615513847325124,0.0540785843225634,6.88876094735859,41.3325656841515,326.583683862327,0.183329711187528,0.151549746590301,0.0764987384483684,12749.7897413947,279.415138886876,33.6813664130154,9,0.052021637493815,0.0294707033247465,32,3.93821938841333,0.949472878119922,0.0655163159588127,0.113803250440108,24.6733009434909,5.57474939358874e-05,2.91968666291181e-05,2.75564529749054e-05,7.76216647266274e-05,4.06531169842332e-05,3.83690387290434e-05
"33","BS","non-sheltered","CR5","Landrace","BS-WW-CR5-7.tif",4.1194307570947,12,0.265204753763353,0.00146382319947902,8,1.38565036757638,2.73378038951833,NA,NA,4.1194307570947,1.38565036757638,2.73378038951833,NA,0.139974159981116,1.1451006660695,0.664128158410532,0.265204753763353,12,0.167747126141119,8,0.0601215634573715,0.0431717220420663,4.29311629092411,51.5173954910893,327.171618877001,0.183990387045227,0.189574110719351,0.265204753763353,22100.3961469461,839.545047378033,201.680385481447,7.375,0.0541338319466108,0.139974159981116,33,3.88554439639433,1.43309639760631,0.227298750765274,0.345861864527166,148.463367946495,7.15851653053738e-05,3.70365777555819e-05,3.43364348887007e-05,9.94945968331937e-05,5.14762989811274e-05,4.77234316826258e-05
"34","GBL","sheltered","SR","Landrace","GBL-DS-SR-2.tif",4.11985696848769,7,0.0511649345923825,0.00372410925347411,9,0.944648609540798,3.17520835894689,NA,NA,4.11985696848769,0.944648609540798,3.17520835894689,NA,NA,1.14515990269168,0.548352980648968,0.0511649345923825,7,0.0964699938743423,9,0.0663118802269677,0.0688598807030435,6.12645689102672,42.8851982371871,327.188543626194,0.18400942336451,0.15782561196995,0.0511649345923825,7309.27637034035,91.8317062473484,13.0142644865987,9,0.066126140507219,NA,34,4.4372692416557,1.03708403663529,0.0437603994965583,0,9.45075368986789,5.38395072751864e-05,2.8525645621352e-05,2.70469230157772e-05,7.48264386164509e-05,3.96450966791159e-05,3.75899599983276e-05
"35","BS","sheltered","CR5","Landrace","BS-DS-CR5-6.tif",4.14206122094197,14,0.285441131585368,0.00134258123193894,6,1.69460797855503,2.44745324238694,0.261666475192218,10.6913779050186,4.14206122094197,1.69460797855503,2.44745324238694,0.261666475192218,0.106913779050186,1.14824171488599,0.734445690830843,0.285441131585368,14,0.161119950087869,6,0.068966004009192,0.0413452236240647,4.05430505059626,56.7602707083476,328.069061395999,0.185001154806064,0.210014312562982,0.285441131585368,20388.6522560977,714.530751739378,200.278624799589,7.8,0.0486998152602423,0.107105637260228,35,3.84774075045188,1.74047127777791,0.245931793684202,0.230558022113589,148.899072949107,8.51848902978071e-05,4.27387563492396e-05,3.94373420761061e-05,0.000118072668775868,5.92391327226512e-05,5.4663124083081e-05
"36","BS","sheltered","CR4","Landrace","BS-DS-CR4-2.tif",4.14439032325592,12,0.26953404458267,0.00155655384049088,8,2.05922368877212,2.08516663448381,0.304198761337011,14.5887027111537,4.14439032325592,2.05922368877212,2.08516663448381,0.304198761337011,0.145887027111537,1.14856450062537,0.809611794627536,0.26953404458267,12,0.169110763558253,8,0.0423690882497288,0.0445181525135801,5.19705461728575,62.3646554074291,328.161285892962,0.185105181906283,0.230880417674296,0.26953404458267,22461.1703818892,867.178799096688,208.353792200879,8.14285714285714,0.0525560395837794,0.0979241578370994,36,4.04059256122722,2.14491697097008,0.23149092756344,0.275112022648247,153.78824967228,0.000103182818611789,4.85510247959585e-05,4.32762322009215e-05,0.000142978958650378,6.72764619161286e-05,5.99672571232975e-05
"37","BS","non-sheltered","CR5","Landrace","BS-WW-CR5-4.tif",4.16944788438382,10,0.226371884335589,0.00363889188297043,9,1.36341365875985,2.80603422562397,NA,NA,4.16944788438382,1.36341365875985,2.80603422562397,NA,0.139974159981116,1.15203145856676,0.658777691289916,0.226371884335589,10,0.169772092804526,9,0.0548059741418717,0.0680674742032768,5.11184646625761,51.1184646625761,329.151845304789,0.186224353617663,0.190390060794312,0.226371884335589,22637.1884335589,880.823431322605,176.355076325315,7.375,0.0541338319466108,0.139974159981116,37,4.39945397176125,1.43628793207878,0.193192838287852,0.4136183900924,128.716093807889,6.42808773435899e-05,3.40057660179882e-05,3.16280901953319e-05,8.88050347882343e-05,4.69794962207239e-05,4.36946999815949e-05
"38","BS","sheltered","CR4","Landrace","BS-DS-CR4-7.tif",4.17669585387837,12,0.151917094541637,0.0021205733369273,9,1.19033859444548,2.98635725943289,NA,NA,4.17669585387837,1.19033859444548,2.98635725943289,NA,0.0979241578370994,1.1530323420756,0.615545727398148,0.151917094541637,12,0.126960247154927,9,0.0597207349641609,0.051961503347063,3.99125745290049,47.8950894348059,329.437812021599,0.186548077158907,0.178694736788338,0.151917094541637,12659.7578784698,275.482925685815,66.2945969013839,8.14285714285714,0.0525560395837794,0.0979241578370994,38,4.35915275568633,1.22712783384396,0.13054275730384,0.30324872692927,48.9122907806725,5.88210306639275e-05,3.1315648114727e-05,2.93994543815297e-05,8.11916322405311e-05,4.32255021104901e-05,4.05805485091792e-05
"39","PM","non-sheltered","CR4","Modern","PM-WW-CR4-2.tif",4.22163129360502,10,0.237396116985688,0.00214161775847425,9,1.33268458858772,2.8889467050173,0.0183951615579591,0.636742849081011,4.22163129360502,1.33268458858772,2.8889467050173,0.0183951615579591,0.00636742849081011,1.15921826097476,0.651311507431159,0.237396116985688,10,0.173856873293164,9,0.0564340837270666,0.0522186979902457,5.05617859940672,50.5617859940672,331.205217421359,0.188555075075576,0.190673627081331,0.237396116985688,23739.6116985688,968.704036137912,193.931480854664,7,0.051114168343099,0.0205203812219914,39,4.47446861524831,1.4142945490504,0.203648400866519,0.0191507437264426,142.919722670802,6.69723877945941e-05,3.46486747078281e-05,3.23057619190414e-05,9.19497813915913e-05,4.75709194461529e-05,4.43542158785687e-05
"40","BS","sheltered","CR4","Landrace","BS-DS-CR4-6.tif",4.25144314214255,12,0.314401854074431,0.00358961944472543,8,1.25321240887497,2.99823073326759,0.0426158056070313,1.42136511156988,4.25144314214255,1.25321240887497,2.99823073326759,0.0426158056070313,0.0142136511156988,1.16330408006344,0.631593143750868,0.314401854074431,12,0.182644662652562,8,0.0664638670390719,0.0676050695404915,4.09096539983873,49.0915847980647,332.372594303841,0.189886592431829,0.186436675087654,0.314401854074431,26200.1545062026,1179.91736292366,283.366603776765,8.14285714285714,0.0525560395837794,0.0979241578370994,40,3.99827403844405,1.3089708589679,0.272455778823007,0.0397665851096687,213.30580573042,7.01319393613596e-05,3.59443801231419e-05,3.36613293952147e-05,9.59495028795284e-05,4.91765297742282e-05,4.60530230754521e-05
"41","GBL","sheltered","CR5","Landrace","GBL-DS-CR5-3.tif",4.26807146194323,9,0.180398509814303,0.00500311052968572,7,0.802436142445265,3.46563531949797,0.0482391937353816,1.39192930842965,4.26807146194323,0.802436142445265,3.46563531949797,0.0482391937353816,0.0139192930842965,1.16557682770182,0.505394259139845,0.180398509814303,9,0.159753461623725,7,0.0943117955088535,0.0798132706576842,4.40913288460742,39.6821959614668,333.021950771948,0.190629280239063,0.151291769088798,0.180398509814303,20044.2788682559,690.597114938602,124.458772458037,7,0.0757327290135203,0.0183335792206348,41,4.6484694300486,0.887980780823852,0.153819450146034,0.053614497565041,90.6255586119618,4.71661857073102e-05,2.5717358898679e-05,2.48248948226245e-05,6.44035761839039e-05,3.51160446460094e-05,3.38974199628465e-05
"42","PM","non-sheltered","CR5","Modern","PM-WW-CR5-7.tif",4.26849819519963,8,0.199247942493297,0.00468005099049154,7,1.24796461551542,3.02053357968421,0.291984039984677,9.66663777382021,4.26849819519963,1.24796461551542,3.02053357968421,0.291984039984677,0.0966663777382021,1.16563509499745,0.630269366799713,0.199247942493297,8,0.17807665469875,7,0.0764808183139621,0.0771934323143543,6.12411049857332,48.9928839885866,333.038598570699,0.190648339866871,0.186808239954284,0.199247942493297,24905.9928116622,1066.23173345504,170.783885592761,7.42857142857143,0.0794338895827557,0.0733529394942705,42,4.52233587076741,1.30575769202878,0.170743405140767,0.304768097739252,125.719999525679,5.82000379424682e-05,3.16868347275177e-05,3.00506507265804e-05,7.94658960289794e-05,4.32649668791194e-05,4.10309334953046e-05
"43","BS","non-sheltered","CR4","Landrace","BS-WW-CR4-4.tif",4.27082627838476,12,0.125107086971891,0.00242643080877593,9,1.23222160651706,3.0386046718677,0.19037109823008,6.2650827859442,4.27082627838476,1.23222160651706,3.0386046718677,0.19037109823008,0.062650827859442,1.16595292640115,0.626281341989089,0.125107086971891,12,0.115214036492678,9,0.0599635093791175,0.055582620110042,4.05796140489221,48.6955368587065,333.129407543185,0.190752321448687,0.185775733999768,0.125107086971891,10425.5905809909,186.829399962636,45.0248317250325,8.27272727272727,0.056343910714854,0.0835746175092429,43,4.5385604528803,1.31396312316394,0.106859484306385,0.20467492167093,32.8178399221057,6.13194409452974e-05,3.23947109748802e-05,3.03834052530267e-05,8.37022825972817e-05,4.42194385805899e-05,4.14739654105019e-05
"44","GBL","sheltered","CR5","Landrace","GBL-DS-CR5-1.tif",4.31700637966642,9,0.181832213592267,0.00340870095485418,8,0.903191685219111,3.41381469444731,NA,NA,4.31700637966642,0.903191685219111,3.41381469444731,NA,0.0183335792206348,1.17223965526095,0.536185455345668,0.181832213592267,9,0.16038701972015,8,0.0795067749894106,0.0658793810831344,4.66422083895256,41.977987550573,334.925615788844,0.192814910968845,0.161879638644301,0.181832213592267,20203.5792880297,701.61767285104,126.453060751832,7,0.0757327290135203,0.0183335792206348,44,4.02200583039919,0.96391541808683,0.155202277381909,0.0572572033720775,92.2828114408504,5.64305035842342e-05,2.98875169031435e-05,2.84976166074027e-05,7.66156779143978e-05,4.05782728005304e-05,3.86912055828394e-05
"45","GBL","sheltered","CR5","Landrace","GBL-DS-CR5-3.tif",4.32435285094318,9,0.170812063309049,0.00603964674220855,7,0.824181430958692,3.50017141998449,0.0451213894741767,1.28911941902482,4.32435285094318,0.824181430958692,3.50017141998449,0.0451213894741767,0.0128911941902482,1.17323666146361,0.512196346612561,0.170812063309049,9,0.155450840290387,7,0.0944343306930068,0.087692172218567,4.4654844003814,40.1893596034326,335.210474703888,0.193143033996839,0.155245896963939,0.170812063309049,18979.1181454499,619.150097611697,111.602263467069,7,0.0757327290135203,0.0183335792206348,45,4.72097128764364,0.914813732939174,0.147011385792407,0.0447671340017671,82.834695049807,4.79111906504141e-05,2.60941460266005e-05,2.51834455958294e-05,6.49937312044022e-05,3.53979078757592e-05,3.41625009029467e-05
"46","PM","non-sheltered","CR5","Modern","PM-WW-CR5-2.tif",4.52986553418566,8,0.185505555955919,0.00367632897799529,7,0.948682465615785,3.58118306856988,NA,NA,4.52986553418566,0.948682465615785,3.58118306856988,NA,0.0733529394942705,1.20079181485156,0.549522526976573,0.185505555955919,8,0.171825860106663,7,0.0930384696964274,0.0684167189672189,5.37154995142166,42.9723996113733,343.083375671876,0.202322059052028,0.173885287435592,0.185505555955919,23188.1944944898,924.225093861033,148.049900305201,7.42857142857143,0.0794338895827557,0.0733529394942705,46,4.97089040843041,1.06387848272074,0.159755345298175,0.285559918582792,109.984202503633,4.85651212909566e-05,2.71918951529708e-05,2.61978222295866e-05,6.43690190065849e-05,3.60405898183677e-05,3.47230290422729e-05
"47","PM","non-sheltered","SR","Modern","PM-WW-SR-8.tif",4.53452291116854,8,0.0905553717533075,0.00420209048680176,10,0.703091098906363,3.83143181226218,0.131605792621812,3.4348984679988,4.53452291116854,0.703091098906363,3.83143181226218,0.131605792621812,0.034348984679988,1.20140895275166,0.473075942814387,0.0905553717533075,8,0.120051384990191,10,0.0728333009937277,0.0731455246638605,4.65906778703008,37.2725422962407,343.25970078619,0.202530076286501,0.150976216692989,0.0905553717533075,11319.4214691634,220.238047778347,35.3890638612286,9.75,0.0692385323611717,0.0254878349035259,47,4.27515926805278,0.761170566802989,0.0775865239132003,0.116410602647639,25.925559952942,4.71529534441602e-05,2.54417071266455e-05,2.43779360546639e-05,6.24652047484063e-05,3.37035398365215e-05,3.22943242314915e-05
"48","BS","sheltered","CR5","Landrace","BS-DS-CR5-9.tif",4.59329633612983,14,0.304037593104184,NA,NA,1.92334120758521,2.66995512854462,0.568725778110886,21.3009489197257,4.59329633612983,1.92334120758521,2.66995512854462,0.568725778110886,0.213009489197257,1.20916981188,0.782443941045646,0.304037593104184,14,0.166285616297971,7.8,0.054708444978763,0.0486998152602423,4.30993001745452,60.3390202443633,345.477089108571,0.205155134418131,0.247577196177814,0.304037593104184,21716.9709360132,810.666800141111,227.234281235689,7.8,0.0486998152602423,0.107105637260228,48,4.4134231005104,1.95147809801766,0.260732116884942,0.516492063348418,167.117299581076,8.2196970027708e-05,4.26295228782e-05,3.90760793984513e-05,0.000108190379536075,5.61103926103301e-05,5.14332323864873e-05
"49","BS","non-sheltered","CR3","Landrace","BS-WW-CR3-13.tif",4.59359173507833,14,0.270021879695057,0.0019391880696911,10,1.72924251376584,2.86434922131249,0.648783041265337,22.6502772929362,4.59359173507833,1.72924251376584,2.86434922131249,0.648783041265337,0.226502772929362,1.20920869264473,0.741913059422043,0.270021879695057,14,0.156707766051396,10,0.0467295633222689,0.0496895455303161,4.09407412217911,57.3170377105076,345.488197898495,0.205168328126212,0.235192816004238,0.270021879695057,19287.2771210755,639.41928146811,179.272591627075,10.3333333333333,0.0588756405497597,0.0928987839113064,49,4.43929075269222,1.79714287364175,0.231473938580083,0.596870842430311,131.830713437409,7.88717959121871e-05,4.07098921765313e-05,3.72233847450242e-05,0.0001038103370106,5.35819880558585e-05,4.89930788359179e-05
"50","GBL","non-sheltered","SR","Landrace","GBL-WW-SR-6.tif",4.60648888649588,8,0.0811058487469938,0.00249448069951118,10,1.53268775856234,3.07380112793354,0.104278688574492,3.39249952206884,4.60648888649588,1.53268775856234,3.07380112793354,0.104278688574492,0.0339249952206884,1.21090501409789,0.698476675332302,0.0811058487469938,8,0.113615125497214,10,0.0512428338765583,0.0563566453064433,6.75980261409706,54.0784209127765,345.972861170824,0.205744366909486,0.222526609483278,0.0811058487469938,10138.2310933742,176.672217437276,28.4900813994474,8.83333333333333,0.0626694263130119,0.0755513352331297,50,4.42750682939834,1.59597654816094,0.0693332810005621,0.0943218033425565,20.7077009390317,7.80998133007345e-05,3.94121102231946e-05,3.63554090035932e-05,0.00010265025907607,5.18011907348249e-05,4.77836245096407e-05
"51","W2","sheltered","SR","Modern","W2-DS-SR-1.tif",4.62140410879533,6,0.0668751954138943,0.00196072319900735,8,0.935956847718198,3.68544726107714,0.0799490052274978,2.16931622036375,4.62140410879533,0.935956847718198,3.68544726107714,0.0799490052274978,0.0216931622036375,1.21286380763874,0.545824438505752,0.0668751954138943,6,0.119127483089099,8,0.0833799211416237,0.0499646906650666,7.11611168916481,42.6966701349888,346.532516468212,0.206410540875152,0.17626085552262,0.0668751954138943,11145.8659023157,213.536202244563,25.8006051248701,9,0.052021637493815,0.0294707033247465,51,4.39309808701901,1.04666222538104,0.0571679953486194,0.0760338851343122,18.7955847521621,5.66166874094493e-05,3.03604029478793e-05,2.90293230981222e-05,7.42937962692218e-05,3.98396602568587e-05,3.80929848560048e-05
"52","BS","sheltered","SR","Landrace","BS-DS-SR-4.tif",4.62980107549702,8,0.187702990757792,0.00266320295848004,8,1.37046515725433,3.25933591824268,0.0653539792013758,2.00513174587455,4.62980107549702,1.37046515725433,3.25933591824268,0.0653539792013758,0.0200513174587455,1.21396517799937,0.66047907478169,0.187702990757792,8,0.172840558932893,8,0.0691857629022102,0.0582313946457791,6.40566497696535,51.2453198157228,346.847193714106,0.206785583264392,0.211935866953291,0.187702990757792,23462.873844724,946.25088376486,151.612077269331,8.125,0.0498733406134783,0.0560689678901301,52,4.42043328458238,1.47019523378223,0.161415372140228,0.0576452723606212,112.23505103493,7.15209734363071e-05,3.72570250477295e-05,3.49702913195211e-05,9.37664165614008e-05,4.88452206760726e-05,4.5847235371592e-05
"53","BS","sheltered","CR3","Landrace","BS-DS-CR3-3.tif",4.74738603181215,17,0.276761208731857,0.00284328591955863,10,1.91503502766952,2.83235100414263,0.0688409167498198,2.43052208745075,4.74738603181215,1.91503502766952,2.83235100414263,0.0688409167498198,0.0243052208745075,1.22928430700821,0.780752573928166,0.276761208731857,17,0.143973713982817,10,0.0448531733080039,0.0601679654780741,3.54193599482847,60.2129119120841,351.22408771663,0.212037401512789,0.255347787587135,0.276761208731857,16280.071101874,455.571431199962,155.149634395574,10,0.0609497452868328,0.0156160880418537,53,4.54185765882132,1.94726074045024,0.237279613879621,0.0645066479641504,114.067427132987,9.34649176781576e-05,4.53044675598411e-05,4.11317455211127e-05,0.000121008651695548,5.86555113018863e-05,5.32531049193595e-05
"54","BS","non-sheltered","CR4","Landrace","BS-WW-CR4-2.tif",4.78132722102761,7,0.30702234656227,0.00106317444694564,NA,1.55449490450374,3.22683231652388,0.311193516299459,9.64393206011688,4.78132722102761,1.55449490450374,3.22683231652388,0.311193516299459,0.0964393206011688,1.23367083273163,0.703428103025367,0.30702234656227,7,0.236314860411899,8.27272727272727,0.0640952750194387,0.036792332744787,7.77822848022448,54.4475993615714,352.477380780467,0.213553351873108,0.232549346902154,0.30702234656227,43860.3352231814,3306.64658893157,463.163071797323,8.27272727272727,0.056343910714854,0.0835746175092429,54,4.88986337128055,1.62155350424637,0.260143851087905,0.311930804284645,333.851091817896,6.72616240155078e-05,3.63166577469709e-05,3.40257158694224e-05,8.67737135257808e-05,4.68518460812499e-05,4.38963192545297e-05
"55","BS","sheltered","CR4","Landrace","BS-DS-CR4-4.tif",4.80139959254189,12,0.214859848754881,0.00396125154789807,8,1.40405037521125,3.39734921733064,0.0147829448161579,0.43513174155741,4.80139959254189,1.40405037521125,3.39734921733064,0.0147829448161579,0.0043513174155741,1.23625764217048,0.668523084964013,0.214859848754881,12,0.150987873688179,8,0.070966819650808,0.0710184632150485,4.3204234345764,51.8450812149168,353.216469191565,0.214449864916195,0.222363413262162,0.214859848754881,17904.9873962401,551.051166924277,132.474643475089,8.14285714285714,0.0525560395837794,0.0979241578370994,55,4.53682359727097,1.4820881376997,0.183448689268278,0.0151705195234445,96.6833248065293,7.20857599369135e-05,3.76072446722162e-05,3.53588306071079e-05,9.28027025204299e-05,4.84153034244635e-05,4.5520710902867e-05
"56","W2","non-sheltered","SR","Modern","W2-WW-SR-5.tif",4.8646676822485,6,0.0943270563734032,0.00529594551444177,9,0.759372478924502,4.105295203324,0.310567120332672,7.56503746871139,4.8646676822485,0.759372478924502,4.105295203324,0.310567120332672,0.0756503746871139,1.24437607509084,0.491645977648105,0.0943270563734032,6,0.141480822206333,9,0.0836366774936373,0.0821158161120625,6.44285401557379,38.6571240934427,355.536021454526,0.217275672897718,0.167985052993867,0.0943270563734032,15721.1760622339,424.828799203369,51.1474409573982,8.77777777777778,0.0745880022322561,0.0790245276982294,56,5.29702442572721,0.862455628066737,0.0812054011592476,0.336648407153716,37.8732731041181,4.23998198666783e-05,2.39689841432629e-05,2.31476662030899e-05,5.42291117056006e-05,3.06561849239433e-05,2.96057242742634e-05
"57","GBL","non-sheltered","SR","Landrace","GBL-WW-SR-5.tif",4.86578267485009,16,0.125089763919446,0.00154625271083095,8,1.55583948173806,3.30994319311203,0.397343841598141,12.0045516921563,4.86578267485009,1.55583948173806,3.30994319311203,0.397343841598141,0.120045516921563,1.24451867379586,0.703732256154491,0.125089763919446,16,0.0997713742963833,8,0.0675983022051705,0.0443705994728932,3.40439231367993,54.4702770188789,355.576763941673,0.217325472962925,0.236755574310988,0.125089763919446,7818.11024496537,105.062436326996,33.8567351989496,8.83333333333333,0.0626694263130119,0.0755513352331297,57,4.68146321557503,1.67291892310981,0.107857726351139,0.358024636115632,25.0691331564868,7.17151654839299e-05,3.8298168275491e-05,3.58566770745928e-05,9.17127506540973e-05,4.8977511713974e-05,4.58552171167131e-05
"58","W2","non-sheltered","SR","Modern","W2-WW-SR-3.tif",4.87211208785361,6,0.1210902877718,0.00798025854425737,8,0.663438205672715,4.20867388218089,0.39235355372941,9.3224983620279,4.87211208785361,0.663438205672715,4.20867388218089,0.39235355372941,0.093224983620279,1.24532784605475,0.459542097894916,0.1210902877718,6,0.160300209437593,8,0.0982232185199788,0.100800698190832,6.04390980317415,36.2634588190449,355.807956015642,0.217608170067684,0.157824498278744,0.1210902877718,20181.7146286334,700.099889266482,84.1698112102566,8.77777777777778,0.0745880022322561,0.0790245276982294,58,4.60834153200481,0.778312266157111,0.102610185326441,0.354690389922855,60.5391245922066,4.43826773467405e-05,2.478879598017e-05,2.40213654102908e-05,5.67217902479626e-05,3.16804882026795e-05,3.06996993360123e-05
"59","BS","non-sheltered","CR5","Landrace","BS-WW-CR5-9.tif",4.88116473749364,9,0.253233574747469,0.00257301700843152,9,1.22336584320647,3.65779889428716,NA,NA,4.88116473749364,1.22336584320647,3.65779889428716,NA,0.139974159981116,1.24648425262252,0.624026796149163,0.253233574747469,9,0.189275519759813,9,0.0691619396081512,0.0572369374129258,5.39193754676462,48.5274379208816,356.13835789215,0.218012497900646,0.211591759156999,0.253233574747469,28137.0638608298,1360.82236942475,245.159618255612,7.375,0.0541338319466108,0.139974159981116,59,5.19638084565986,1.31169874316513,0.218375909448877,0.547786329264443,182.675795861191,5.32906126431317e-05,3.00822641877136e-05,2.85761807525946e-05,6.80430932416948e-05,3.84099601322506e-05,3.6486946480825e-05
"60","PM","sheltered","CR4","Modern","PM-DS-CR4-2.tif",4.8967763754306,13,0.359466192691082,0.00298936811794333,9,1.12674319910348,3.77003317632712,0.519219616869205,13.7722824332025,4.8967763754306,1.12674319910348,3.77003317632712,0.519219616869205,0.137722824332025,1.2484760032659,0.598876865027353,0.359466192691082,13,0.187634376776849,9,0.072177682026505,0.0616942598750967,3.5886353120338,46.6522590564394,356.707429504542,0.218709776596613,0.204066103119224,0.359466192691082,27651.2455916217,1314.23577854065,341.905368523688,8.64285714285714,0.063998138794563,0.160705460829148,60,5.22564322139453,1.21212576491579,0.326000640666576,0.552787186776241,281.858239407679,5.01064662462448e-05,2.85571542703564e-05,2.72440157112615e-05,6.38754110058664e-05,3.64044823518892e-05,3.47305014976492e-05
"61","PM","non-sheltered","CR5","Modern","PM-WW-CR5-5.tif",4.90188661069872,8,0.192168688651388,0.00498518594457434,7,0.989086248943993,3.91280036175473,0.168797004052506,4.31396924060823,4.90188661069872,0.989086248943993,3.91280036175473,0.168797004052506,0.0431396924060823,1.24912728300096,0.561102424987911,0.192168688651388,8,0.174884523918944,7,0.0982892654304353,0.0796701693389061,5.47947460088733,43.8357968070987,356.893509428845,0.218938020308018,0.191946451431414,0.192168688651388,24021.0860814235,991.81156083614,158.881796185214,7.42857142857143,0.0794338895827557,0.0733529394942705,61,5.39939913072789,1.12045269021738,0.164989321557503,0.184707876681698,117.537825480323,5.0059332475127e-05,2.79927979583163e-05,2.70400247707852e-05,6.3782052635632e-05,3.5666438694185e-05,3.44524826425912e-05
"62","BS","non-sheltered","CR5","Landrace","BS-WW-CR5-5.tif",4.93823344432015,10,0.227421427059595,0.00366561861854767,9,1.30670570547629,3.63152773884386,NA,NA,4.93823344432015,1.30670570547629,3.63152773884386,NA,0.139974159981116,1.25374978588654,0.644932046331913,0.227421427059595,10,0.170165200394317,9,0.0676464155060693,0.0683169860360685,5.00861333745075,50.0861333745075,358.21422453901,0.220561416447001,0.220941370428695,0.227421427059595,22742.1427059595,889.010003586256,178.02294208768,7.375,0.0541338319466108,0.139974159981116,62,5.3015708129993,1.42108732326886,0.195029517168349,0.543015405564958,131.105565593883,5.58385481815857e-05,3.13999473363682e-05,2.97503785584281e-05,7.08832101765048e-05,3.98600812352239e-05,3.77660667202496e-05
"63","BS","sheltered","CR4","Landrace","BS-DS-CR4-3.tif",4.993301037855,12,0.262252927247369,0.00138773508735743,NA,1.57181199817778,3.42148903967722,0.592674983907685,17.3221359774865,4.993301037855,1.57181199817778,3.42148903967722,0.592674983907685,0.173221359774865,1.26072085928687,0.707335350623936,0.262252927247369,12,0.166810970286205,8.14285714285714,0.0679596238708869,0.042034737906165,4.56157697854339,54.7389237425207,360.205959796249,0.223020957205315,0.244158543388914,0.262252927247369,21854.4106039474,820.960163763096,197.274597846532,8.14285714285714,0.0525560395837794,0.0979241578370994,63,5.19138860620259,1.64735750966865,0.222632810973571,0.623879891164804,142.342280058045,6.22956010446438e-05,3.47760145604721e-05,3.27529784056962e-05,7.86427286111847e-05,4.39016660790844e-05,4.13477604963027e-05
"64","GBL","sheltered","SR","Landrace","GBL-DS-SR-3.tif",5.07057333520671,7,0.0779609411157841,0.00211886240336008,8,0.895287398228348,4.17528593697836,NA,NA,5.07057333520671,0.895287398228348,4.17528593697836,NA,NA,1.27043835789707,0.533834084554225,0.0779609411157841,7,0.119081576584761,8,0.092075534167856,0.0519405371729119,5.97180990633758,41.802669344363,362.982387970592,0.226472249564855,0.189342891284674,0.0779609411157841,11137.2773022549,213.207242528456,30.0383568452686,9,0.066126140507219,NA,64,4.72964824268727,0.978551691508014,0.0668184921072019,0,22.0075929100069,5.44116403568716e-05,2.94428430484156e-05,2.83524895665944e-05,6.8164515583968e-05,3.68847018881796e-05,3.55187548883066e-05
"65","PM","non-sheltered","CR5","Modern","PM-WW-CR5-1.tif",5.088678144275,8,0.188457337004997,0.00823059136113755,8,0.949961762901782,4.13871638137322,0.113022712273817,2.73086391670831,5.088678144275,0.949961762901782,4.13871638137322,0.113022712273817,0.0273086391670831,1.27270442795259,0.549892917419582,0.188457337004997,8,0.173187519025709,8,0.0903514388166255,0.102369499351887,5.3750019903505,43.000015922804,363.629836557882,0.227280883335945,0.195461632047892,0.188457337004997,23557.1671256246,953.871807884667,152.814950893595,7.42857142857143,0.0794338895827557,0.0733529394942705,65,4.81941496343004,1.06675404763094,0.162356958502809,0.0990756050360955,113.849377701865,5.49901710210126e-05,3.01060704750273e-05,2.89368012973181e-05,6.87666149912138e-05,3.76484109580867e-05,3.61862099524943e-05
"66","BS","sheltered","CR3","Landrace","BS-DS-CR3-2.tif",5.09553264726731,17,0.236485227609405,0.00394138791241723,8,2.10312496876369,2.99240767850361,0.0417844677278169,1.3963494355392,5.09553264726731,2.10312496876369,2.99240767850361,0.0417844677278169,0.013963494355392,1.27356131261806,0.818196473615879,0.236485227609405,17,0.133086072002514,8,0.0569206048752731,0.0708401789327976,3.70616053369411,63.0047290728,363.874660748018,0.227587033076752,0.286781187189662,0.236485227609405,13910.8957417297,332.624380384651,113.379070517971,10,0.0609497452868328,0.0156160880418537,66,4.86148363946414,2.1685102976592,0.201754990369103,0.0385376318824915,82.470481449878,9.55728569033522e-05,4.74116089719408e-05,4.34860829976217e-05,0.000119435887780807,5.92495379143744e-05,5.43438701867313e-05
"67","GBL","non-sheltered","SR","Landrace","GBL-WW-SR-3.tif",5.10453683064787,11,0.10919710551763,0.00310352333158492,10,1.3917760742237,3.71276075642417,0.226473220977155,6.09986034207268,5.10453683064787,1.3917760742237,3.71276075642417,0.226473220977155,0.0609986034207268,1.27468605451872,0.665594534066701,0.10919710551763,11,0.112425358234481,10,0.0609091520452015,0.062861185430933,4.6933389509103,51.6267284600133,364.196015576776,0.227989196211152,0.235406726492196,0.10919710551763,9927.00959251184,169.387270631975,37.5006062655267,8.83333333333333,0.0626694263130119,0.0755513352331297,67,4.94278628243525,1.49623654969325,0.0931618615428256,0.208230981600414,27.173553219612,6.70590012615543e-05,3.58573216712027e-05,3.36303029547019e-05,8.37286286434799e-05,4.47707886171454e-05,4.199017423894e-05
"68","GBL","sheltered","SR","Landrace","GBL-DS-SR-1.tif",5.14443480788513,8,0.0736315903213224,0.00472679840532627,10,1.00184812453924,4.14258668334589,NA,NA,5.14443480788513,1.00184812453924,4.14258668334589,NA,NA,1.27965794577217,0.564710689198928,0.0736315903213224,8,0.108253552215878,10,0.071494725657324,0.0775780036457018,5.51310362333401,44.1048289866721,365.616555934905,0.229771200742133,0.202680390295881,0.0736315903213224,9203.9487901653,145.610359595796,23.5003379256232,9,0.066126140507219,NA,68,4.89822139991721,1.08186030518925,0.0628695939271572,0,17.0300796948344,5.59461386460693e-05,3.03262523031212e-05,2.8903617746609e-05,6.95819108680137e-05,3.77176805367412e-05,3.59483067550184e-05
"69","PM","sheltered","SR","Modern","PM-DS-SR-1.tif",5.15387991184818,6,0.135463088785038,0.00115600287630345,NA,1.03233559585807,4.12154431599011,0.212566311336417,5.15744330375719,5.15387991184818,1.03233559585807,4.12154431599011,0.212566311336417,0.0515744330375719,1.2808321233266,0.573238716435884,0.135463088785038,6,0.169546926391624,10,0.0707593406890714,0.0383649394100544,7.45677978290991,44.7406786974595,365.952035236171,0.230193057167526,0.205979872182364,0.135463088785038,22577.181464173,876.159823054155,105.345158638681,10,0.0646778613399488,0.0670194084649602,69,4.86992454412359,1.09299780093174,0.116295738590037,0.196593661916573,77.7403103840233,5.48206650101104e-05,3.01324112399547e-05,2.87085063317792e-05,6.81196205267192e-05,3.74422385945557e-05,3.56729083247904e-05
"70","BS","non-sheltered","CR5","Landrace","BS-WW-CR5-1.tif",5.15748800500002,10,0.136935948847466,0.00168262611248412,10,1.33553514481785,3.82195286018217,0.387585640604861,10.1410366580604,5.15748800500002,1.33553514481785,3.82195286018217,0.387585640604861,0.101410366580604,1.28128038300203,0.652007699296122,0.136935948847466,10,0.132042517837409,10,0.0629272683705905,0.046285916923172,5.06136940595189,50.6136940595189,366.080109429151,0.230354209155421,0.233181549350298,0.136935948847466,13693.5948847466,322.313753671336,64.6959322836174,7.375,0.0541338319466108,0.139974159981116,70,4.91098644122472,1.40042861633363,0.116187366796044,0.355482804255862,46.5379198320996,6.30131647163943e-05,3.42815011101139e-05,3.22814361436269e-05,7.82721469673987e-05,4.25829539784368e-05,4.0098562348437e-05
"71","W2","non-sheltered","CR5","Modern","W2-WW-CR5-6.tif",5.1842186142989,14,0.269206109776157,0.00550094169955651,8,1.43737286230109,3.74684575199781,0.295721535919836,7.89254630410547,5.1842186142989,1.43737286230109,3.74684575199781,0.295721535919836,0.0789254630410547,1.2845964491113,0.676409633434304,0.269206109776157,14,0.156470870098494,8,0.076023351959625,0.0836900024205879,3.74522159063298,52.4331022688617,367.027556888944,0.231548105943803,0.242815710382253,0.269206109776157,19229.0078411541,635.561586100719,178.200059818583,8.25,0.0828796773412384,0.129331947208644,71,4.88586353517712,1.51826103972711,0.231069882024847,0.259892942546799,131.610896217994,6.72730675588799e-05,3.64739131932114e-05,3.44963102623531e-05,8.33478968928947e-05,4.51893167120323e-05,4.27391676232905e-05
"72","W2","non-sheltered","SR","Modern","W2-WW-SR-1.tif",5.19474693981041,6,0.0994763612383888,0.00761051461506225,8,0.507483588387811,4.6872633514226,0.431461541922438,9.20497760791459,5.19474693981041,0.507483588387811,4.6872633514226,0.431461541922438,0.0920497760791459,1.28590019331387,0.401916711844464,0.0994763612383888,6,0.145291223005771,8,0.110497935183676,0.0984378390847857,5.3278183391872,31.9669100351232,367.400055232534,0.232018343411071,0.1483381902064,0.0994763612383888,16579.3935397315,472.477539406157,56.8456429189452,8.77777777777778,0.0745880022322561,0.0790245276982294,72,NA,NA,NA,NA,NA,NA,NA,NA,NA,NA,NA
"73","BS","non-sheltered","CR5","Landrace","BS-WW-CR5-6.tif",5.2670994411029,11,0.206004375023913,0.0014138561830656,0,1.5546915078759,3.712407933227,0.201261024128454,5.42130681079297,5.2670994411029,1.5546915078759,3.712407933227,0.201261024128454,0.0542130681079297,1.29482424429579,0.703472584343472,0.206004375023913,11,0.154417649918212,7.375,0.0801832759257385,0.0424284998891952,4.95008326260448,54.4509158886493,369.949784084512,0.235249897842121,0.256191448004294,0.206004375023913,18727.6704567193,602.852969434935,132.88384472369,7.375,0.0541338319466108,0.139974159981116,73,5.41951352324253,1.6807676789703,0.17770717480932,0.199436990231424,99.0685883187437,6.6367512638023e-05,3.6393939721116e-05,3.45421323997355e-05,8.15764590722493e-05,4.4734066655929e-05,4.24578945024507e-05
"74","BS","sheltered","CR5","Landrace","BS-DS-CR5-3.tif",5.28458069756974,15,0.2746833744025,0.00241072123890234,NA,2.1843480204401,3.10023267712964,0.0563756370107715,1.81843244949495,5.28458069756974,2.1843480204401,3.10023267712964,0.0563756370107715,0.0181843244949495,1.29697119488926,0.83384625067939,0.2746833744025,15,0.152695281431256,7.8,0.0593749928474195,0.0554023971747018,4.27810509671036,64.1715764506553,370.563198539789,0.236030681239883,0.302929218117709,0.2746833744025,18312.2249601667,576.402846526359,173.223783176025,7.8,0.0486998152602423,0.107105637260228,74,5.1557633376355,2.27042355359395,0.235944443749454,0.0555104184959064,127.95433522337,9.33908181341332e-05,4.71786986154165e-05,4.34373830448597e-05,0.00011460247077201,5.78942934343842e-05,5.33032210260905e-05
"75","GBL","sheltered","CR5","Landrace","GBL-DS-CR5-5.tif",5.29835524554597,9,0.166548321938194,0.00264290162386946,6,1.28391095135906,4.01444429418691,0.0931450802611302,2.32024841884114,5.29835524554597,1.28391095135906,4.01444429418691,0.0931450802611302,0.0232024841884114,1.29866040794775,0.639282057308998,0.166548321938194,9,0.153498429091126,6,0.109896391773126,0.0580090239562378,5.51831891032876,49.6648701929589,371.045830842215,0.236645908091106,0.235059766140794,0.166548321938194,18505.3691042438,588.625931685378,106.187727469509,7,0.0757327290135203,0.0183335792206348,75,4.8947013537725,1.41126200998315,0.142582900538719,0.0839179260366325,77.9578702243524,6.79105079680785e-05,3.64922483190506e-05,3.51239553626353e-05,8.32264767975898e-05,4.47224052490516e-05,4.30455189262025e-05
"76","PM","sheltered","CR5","Modern","PM-DS-CR5-1.tif",5.30111072428604,8,0.230832401844454,0.00272983010660047,6,1.05019250174155,4.25091822254449,0.162299194994343,3.81797970456358,5.30111072428604,1.05019250174155,4.25091822254449,0.162299194994343,0.0381797970456358,1.29899805669414,0.57817528112193,0.230832401844454,8,0.191671901381813,6,0.120137129262035,0.0589553020697233,5.63859362005639,45.1087489604511,371.142301912612,0.236768978881654,0.213607048599898,0.230832401844454,28854.0502305567,1431.0587193038,229.183002137208,7.66666666666667,0.0617222865759312,0.038948057130187,76,4.94753810318071,1.21819910224898,0.199740018568619,0.142002386815988,172.425286326175,6.06331482610233e-05,3.3009931820223e-05,3.19774375382509e-05,7.42885273094583e-05,4.04442007687464e-05,3.9179175252787e-05
"77","PM","sheltered","CR4","Modern","PM-DS-CR4-1.tif",5.31091671626848,13,0.283670042440004,0.00170098391083935,9,1.35275438919171,3.95816232707677,0.992665928461764,25.0789595381471,5.31091671626848,1.35275438919171,3.95816232707677,0.992665928461764,0.250789595381471,1.30019894458003,0.656197451730985,0.283670042440004,13,0.166682543890455,9,0.0715557214276712,0.0465377264188844,3.91739092315863,50.9260820010622,371.48541273715,0.237206954021084,0.241600415833999,0.283670042440004,21820.7724953849,818.434879982566,213.034669211301,8.64285714285714,0.063998138794563,0.160705460829148,77,5.54315849156173,1.39340422216246,0.242123045249144,1.03936515601645,155.299468109295,5.01854846080671e-05,2.95669058125067e-05,2.81825991404953e-05,6.14311215997492e-05,3.61923014290165e-05,3.44977972877531e-05
"78","W2","non-sheltered","CR5","Modern","W2-WW-CR5-7.tif",5.31196645005679,10,0.233161153607129,0.004905444803609,11,1.2685290082703,4.04343744178649,0.7599435869052,18.7944934933738,5.31196645005679,1.2685290082703,4.04343744178649,0.7599435869052,0.187944934933738,1.30032743419867,0.635441047024314,0.233161153607129,10,0.172299158752638,11,0.0604442170158503,0.0790304138194315,4.93784844661328,49.3784844661328,371.522124056762,0.237253839364568,0.234304700431874,0.233161153607129,23316.1153607129,934.450450927021,187.124394885836,8.25,0.0828796773412384,0.129331947208644,78,5.55519605201747,1.3240239799983,0.199299918751795,0.793524893777994,136.843238084353,5.23967949851741e-05,2.98900593863246e-05,2.83244589957718e-05,6.41316079684358e-05,3.65842523623711e-05,3.46680193082201e-05
"79","PM","non-sheltered","SR","Modern","PM-WW-SR-7.tif",5.32010034049352,5,0.0979020629877366,0.00356153861128699,NA,0.818409041038104,4.50169129945541,NA,NA,5.32010034049352,0.818409041038104,4.50169129945541,NA,0.0254878349035259,1.30132260945118,0.510399538307613,0.0979020629877366,5,0.157894127887733,9.75,0.0811203149890842,0.0673401202849516,8.01107791524312,40.0553895762156,371.806459843195,0.237617131707099,0.190356935610215,0.0979020629877366,19580.4125975473,659.00326322744,66.0906832583542,9.75,0.0692385323611717,0.0254878349035259,79,5.15296854462282,0.879460808965569,0.0831204733751827,0.111109264871761,47.6764867305746,4.72179425263392e-05,2.62784697031506e-05,2.5320048996832e-05,5.77487004461195e-05,3.21392122120347e-05,3.09670402089941e-05
"80","PM","non-sheltered","CR5","Modern","PM-WW-CR5-4.tif",5.34794603033261,8,0.190130079078475,0.0030950921103796,7,1.15478517815435,4.19316085217826,0.22809165137247,5.43961129595066,5.34794603033261,1.15478517815435,4.19316085217826,0.22809165137247,0.0543961129595066,1.30472376089049,0.606283381452139,0.190130079078475,8,0.173954424823838,7,0.0997771970626218,0.0627757410910705,5.90056111513394,47.2044889210715,372.778217397283,0.238860832488381,0.225506070417514,0.190130079078475,23766.2598848094,970.880035844611,155.566311805555,7.42857142857143,0.0794338895827557,0.0733529394942705,80,5.85088378779036,1.28562886479863,0.163615654735188,0.240382366049644,115.31848813467,5.2333938631075e-05,2.96899189469065e-05,2.86800999434602e-05,6.38388391035256e-05,3.62168414651452e-05,3.49850275682562e-05
"81","BS","non-sheltered","CR5","Landrace","BS-WW-CR5-8.tif",5.36155709186609,9,0.21076004939023,0.00252981862963721,NA,1.25865667613287,4.10290041573323,NA,NA,5.36155709186609,1.25865667613287,4.10290041573323,NA,0.139974159981116,1.30638303252905,0.632963556079116,0.21076004939023,9,0.172674397939519,7.375,0.0913111154508382,0.0567544281995847,5.46597363791766,49.1937627412589,373.252295008299,0.239468757375898,0.23560738468588,0.21076004939023,23417.7832655811,942.617398603332,169.906739133286,7.375,0.0541338319466108,0.139974159981116,81,5.57150189476403,1.40327929824863,0.181402635919765,0.582328160105191,125.961765702234,5.42803628409734e-05,3.11978521358457e-05,2.99534499100479e-05,6.61290589654873e-05,3.80079368579788e-05,3.64918978365069e-05
"82","BS","non-sheltered","CR4","Landrace","BS-WW-CR4-5.tif",5.38258097777633,7,0.242442930375845,NA,NA,1.4012952468104,3.98128573096593,0.652850756450293,16.3979880010245,5.38258097777633,1.4012952468104,3.98128573096593,0.652850756450293,0.163979880010245,1.30894183920105,0.66786685089328,0.242442930375845,7,0.209995893257803,8.27272727272727,0.0774925810042357,0.056343910714854,7.39945034322899,51.7961524026029,373.983382628871,0.240407768888388,0.249043948722254,0.242442930375845,34634.7043394064,2061.89647593552,288.914550579695,8.27272727272727,0.056343910714854,0.0835746175092429,82,5.56697621531117,1.49923361322591,0.207162750923413,0.671288410269434,211.724037420924,5.57602569968763e-05,3.21167941314169e-05,3.06116792399445e-05,6.77991967507444e-05,3.90509829328992e-05,3.72209056313342e-05
"83","BS","non-sheltered","CR4","Landrace","BS-WW-CR4-1.tif",5.39950476143694,7,0.215154993168038,0.00156445691546929,NA,1.33317387037621,4.06633089106073,0.268368912036832,6.59978047105817,5.39950476143694,1.33317387037621,4.06633089106073,0.268368912036832,0.0659978047105817,1.31099799620817,0.651431057705,0.215154993168038,7,0.197825264004362,8.27272727272727,0.079727871687196,0.0446310252045581,7.22438566606926,50.5706996624848,374.570856059476,0.241163653302909,0.243916293613781,0.215154993168038,30736.427595434,1623.86778354259,227.585405989576,8.27272727272727,0.056343910714854,0.0835746175092429,83,5.66715008934568,1.47125679876342,0.185581962651797,0.279725821806673,169.942355797744,5.81421559085146e-05,3.27029586917277e-05,3.1214966150322e-05,7.05844825211343e-05,3.97013385571344e-05,3.78949180367862e-05
"84","BS","non-sheltered","SR","Landrace","BS-WW-SR-2.tif",5.44138759773258,6,0.0586428880132146,0.0033439885759504,10,1.38870095891269,4.05268663881989,NA,NA,5.44138759773258,1.38870095891269,4.05268663881989,NA,NA,1.3160727437783,0.664858815219306,0.0586428880132146,6,0.111554503895256,10,0.0651213928558996,0.0652510420762969,8.59531221045857,51.5718732627514,376.020783936658,0.243034309642336,0.250674692307496,0.0586428880132146,9773.8146688691,164.199596847835,19.9546263140477,8.5,0.0618240060281484,NA,84,5.26083692832094,1.50087455230985,0.0499589424754607,0,14.3441514899576,6.70299305293798e-05,3.59538498298998e-05,3.3900730999867e-05,8.10604491984999e-05,4.34796096998737e-05,4.09967377454204e-05
"85","PM","non-sheltered","CR5","Modern","PM-WW-CR5-6.tif",5.44948892373399,8,0.255135719716997,0.0046670701166472,8,1.53419264100782,3.91529628272617,0.669596408629048,17.102062277719,5.44948892373399,1.53419264100782,3.91529628272617,0.669596408629048,0.17102062277719,1.31705208669726,0.698819493820263,0.255135719716997,8,0.201509580298973,8,0.077279074109624,0.077086303780678,6.76299768240485,54.1039814592388,376.300596199216,0.243396147525886,0.263374013059814,0.255135719716997,31891.9649646246,1748.2617015832,279.985246266371,7.42857142857143,0.0794338895827557,0.0733529394942705,85,5.13426487603166,1.61651234696267,0.218602921102419,0.607079748579182,206.29869481027,6.38983828952163e-05,3.60091061474489e-05,3.41185226890865e-05,7.72159552083832e-05,4.3514051551741e-05,4.12294364953943e-05
"86","W2","non-sheltered","SR","Modern","W2-WW-SR-7.tif",5.46526425735936,6,0.0840940554891014,0.00338055392309853,8,0.979381675326539,4.48588258203282,0.468606822752868,10.4462569891991,5.46526425735936,0.979381675326539,4.48588258203282,0.468606822752868,0.104462569891991,1.31895702876341,0.558342967721168,0.0840940554891014,6,0.13358634968057,8,0.0950767576302801,0.0656068208191697,7.27167527888171,43.6300516732903,376.844865360974,0.244100737531313,0.213002555839589,0.0840940554891014,14015.6759148502,337.65406348226,40.7314901737108,8.77777777777778,0.0745880022322561,0.0790245276982294,86,5.08899551044813,1.0650586641179,0.0726624009071392,0.436470579980375,30.3727155549295,5.12763200054172e-05,2.90639301874895e-05,2.80425082397797e-05,6.1873735189654e-05,3.50706509320741e-05,3.38381289589134e-05
"87","BS","sheltered","SR","Landrace","BS-DS-SR-8.tif",5.46733073235075,9,0.196263366661068,0.0018743263372425,10,1.47755081993583,3.98977991241492,0.0691123550020939,1.7322347728264,5.46733073235075,1.47755081993583,3.98977991241492,0.0691123550020939,0.017322347728264,1.31920636109128,0.685798099534068,0.196263366661068,9,0.166630089191508,10,0.0633408261557216,0.048851472980001,5.90367847791779,53.1331063012601,376.916103168938,0.2441930346364,0.259494689347263,0.196263366661068,21807.0407401186,817.405126220972,147.392417409122,8.125,0.0498733406134783,0.0560689678901301,87,5.17238361481247,1.52561624375459,0.168207239657709,0.0635819542457177,108.484423683433,6.85927396001909e-05,3.67573439825007e-05,3.45826924199811e-05,8.27533423849991e-05,4.43457002807714e-05,4.17221035798641e-05
"88","PM","non-sheltered","SR","Modern","PM-WW-SR-3.tif",5.48018734669464,6,0.117056094569904,0.00270902419547014,9,0.942287049203368,4.53790029749128,0.0682980402452717,1.50505819361059,5.48018734669464,0.942287049203368,4.53790029749128,0.0682980402452717,0.0150505819361059,1.32075652964209,0.547667128267147,0.117056094569904,6,0.157607343609925,9,0.0858988223749938,0.0587302029054637,7.13901018059975,42.8340610835985,377.359008469169,0.244767262870519,0.209687517781221,0.117056094569904,19509.349094984,654.228481545883,78.7171053032872,9.75,0.0692385323611717,0.0254878349035259,88,5.89447570348096,1.03476232529277,0.101165820489411,0.0745770558015749,58.8883935577987,4.7272574523872e-05,2.66859586277134e-05,2.57638551676524e-05,5.69648056950591e-05,3.21573441540913e-05,3.10461830852861e-05
"89","PM","sheltered","CR4","Modern","PM-DS-CR4-4.tif",5.52046326392867,13,0.425094987941672,0.00384416783985971,10,1.68201331870824,3.83844994522043,0.54836790919033,14.2861810630916,5.52046326392867,1.68201331870824,3.83844994522043,0.54836790919033,0.142861810630916,1.3256010083064,0.731711328351311,0.425094987941672,13,0.204045196523495,10,0.0593889679955085,0.0699610356577755,4.3504920493749,56.5563966418737,378.743145230399,0.2465661477256,0.278897856984557,0.425094987941672,32699.6144570517,1837.93078197368,478.140901170141,8.64285714285714,0.063998138794563,0.160705460829148,89,5.33242522166624,1.78197945508221,0.363416171389496,0.504154291062428,350.298931014657,7.00625070228959e-05,3.83596649291544e-05,3.5853902163672e-05,8.41187827123857e-05,4.60555646123394e-05,4.30470837207046e-05
"90","BS","sheltered","CR5","Landrace","BS-DS-CR5-8.tif",5.56624943344961,14,0.263827236775983,NA,NA,2.34892839483166,3.21732103861794,0.371619847228782,11.5505988606104,5.56624943344961,2.34892839483166,3.21732103861794,0.371619847228782,0.115505988606104,1.33108685803442,0.864689036597979,0.263827236775983,14,0.154899799603621,7.8,0.0597945924918509,0.0486998152602423,4.74794389776752,66.4712145687453,380.310530866976,0.248611142665002,0.330509692165326,0.263827236775983,18844.802626856,610.41763719831,171.247448107692,7.8,0.0486998152602423,0.107105637260228,90,5.43431664556124,2.43959191942368,0.225191210746106,0.351770787449061,124.91514102654,9.05238068214774e-05,4.71989382769225e-05,4.34891740394253e-05,0.000108237199069104,5.64346668297378e-05,5.19989884775747e-05
"91","W2","non-sheltered","SR","Modern","W2-WW-SR-2.tif",5.57084160432503,6,0.088489075958802,0.00617718644696367,10,0.867770058246573,4.70307154607845,0.478482999162533,10.1738405311207,5.57084160432503,0.867770058246573,4.70307154607845,0.478482999162533,0.101738405311207,1.33163581996754,0.525566159940086,0.088489075958802,6,0.137032715551081,10,0.0806069660027455,0.0886850498081624,6.8643688141888,41.1862128851328,380.467377133583,0.248816247531807,0.204955978802498,0.088489075958802,14748.179326467,373.870076142519,45.0693651159048,8.77777777777778,0.0745880022322561,0.0790245276982294,91,5.3493695063812,0.98046562591913,0.0765163637322892,0.443371938662294,33.652119517866,4.7118660103309e-05,2.68907375759803e-05,2.58862282486427e-05,5.6315454682582e-05,3.21393713238245e-05,3.09387981458547e-05
"92","W2","sheltered","CR5","Modern","W2-DS-CR5-2.tif",5.60170416752007,12,0.243240192462071,0.00104781430675117,8,1.30463955789748,4.29706460962259,0.844745380518755,19.6586613714647,5.60170416752007,1.30463955789748,4.29706460962259,0.844745380518755,0.196586613714647,1.33531936854019,0.644421965163524,0.243240192462071,12,0.160650508846507,8,0.0863621754220835,0.0365255884400902,4.17067514354936,50.0481017225923,381.519819582912,0.250194694041117,0.250435389956454,0.243240192462071,20270.0160385059,706.239610202708,169.747941838606,8.66666666666667,0.0451195897170547,0.164841407234651,92,5.23763129972895,1.38836674608472,0.208828653625831,0.778559581733356,125.168183597993,5.53227679426527e-05,3.21191745278113e-05,3.07573789427689e-05,6.59384727806709e-05,3.82824177838516e-05,3.66593117019174e-05
"93","W2","sheltered","CR5","Modern","W2-DS-CR5-1.tif",5.61268779705814,11,0.216233696975919,0.00243939346958633,7,1.36686102741684,4.2458267696413,0.524400143513035,12.3509547601571,5.61268779705814,1.36686102741684,4.2458267696413,0.524400143513035,0.123509547601571,1.33662785167253,0.659610019682929,0.216233696975919,11,0.158205072293705,7,0.0967168331413718,0.0557308911703916,4.65277482432356,51.1805230675592,381.893671906438,0.250685267221985,0.256604062035041,0.216233696975919,19657.6088159926,664.209776902048,146.382754980486,8.66666666666667,0.0451195897170547,0.164841407234651,93,6.08000696066082,1.49260583676753,0.18552872357994,0.563819266364236,107.914660860168,5.38248076318415e-05,3.12225870286273e-05,3.00765291091882e-05,6.40902715356309e-05,3.71773568499631e-05,3.58127228366877e-05
"94","W2","non-sheltered","CR5","Modern","W2-WW-CR5-5.tif",5.65716576929486,13,0.185571191792606,0.00218587435714436,7,1.5588897869748,4.09827598232006,0.384170966415131,9.37396524959378,5.65716576929486,1.5588897869748,4.09827598232006,0.384170966415131,0.0937396524959378,1.34191348161761,0.704421770436591,0.185571191792606,13,0.13481513831739,7,0.0910702444544305,0.0527554894900877,4.19397593875017,54.5216872037523,383.403851890744,0.252671832796058,0.275521892658109,0.185571191792606,14274.7070609697,350.250122910036,91.3405538492674,8.25,0.0828796773412384,0.129331947208644,94,6.10815699070209,1.68947440478448,0.159742099250319,0.420669366588008,67.632113671036,5.91692398493858e-05,3.38505816596406e-05,3.24464350051135e-05,7.01764840283735e-05,4.01477999250244e-05,3.84824400940423e-05
"95","W2","non-sheltered","SR","Modern","W2-WW-SR-8.tif",5.68173187150606,6,0.0801911648962158,0.0024651317186359,10,0.917360447345343,4.76437142416072,0.177625016315049,3.72819414150397,5.68173187150606,0.917360447345343,4.76437142416072,0.177625016315049,0.0372819414150397,1.34482393841942,0.540374776968732,0.0801911648962158,6,0.130449583035133,10,0.0804449161450684,0.0560241304006423,7.04839056179811,42.2903433707887,384.235410976976,0.25376905397067,0.214639608585996,0.0801911648962158,13365.1941493693,307.039627817312,37.0593949466634,8.77777777777778,0.0745880022322561,0.0790245276982294,95,5.42391410512531,1.01730497884951,0.0684351120905481,0.167511902766624,26.9867840515391,5.04639055335555e-05,2.82525683567466e-05,2.71715236845351e-05,5.97221672215874e-05,3.34358705296599e-05,3.21564941118974e-05
"96","BS","sheltered","SR","Landrace","BS-DS-SR-7.tif",5.71059386281595,8,0.181668182460188,0.00138080302811211,10,1.46056128073262,4.25003258208332,0.0602175322737278,1.41687225005249,5.71059386281595,1.46056128073262,4.25003258208332,0.0602175322737278,0.0141687225005249,1.34823532163892,0.681843893449558,0.181668182460188,8,0.17003937556066,10,0.066639142818936,0.0419296198275443,6.60478508694988,52.8382806955991,385.210091896834,0.255058146873337,0.269536679163854,0.181668182460188,22708.5228075235,886.38348468159,142.090894228218,8.125,0.0498733406134783,0.0560689678901301,96,5.38525864371615,1.50558884605794,0.155852047560436,0.0538463881065355,104.661272104452,6.62219508916749e-05,3.60451034286193e-05,3.40557480390429e-05,7.81729321019932e-05,4.25501119340931e-05,4.02017404092119e-05
"97","W2","sheltered","CR5","Modern","W2-DS-CR5-3.tif",5.7287490129701,12,0.216452177742849,0.00145911849135603,11,1.208964053631,4.51978495933909,0.788377323827176,17.4428060387735,5.7287490129701,1.208964053631,4.51978495933909,0.788377323827176,0.174428060387735,1.35037677938197,0.620342816764714,0.216452177742849,12,0.1515463274179,11,0.0663667238742958,0.0431022895406823,4.02106336816475,48.252760417977,385.821936966277,0.255869029080296,0.246927739171838,0.216452177742849,18037.6814785708,559.249126347822,134.466718062649,8.66666666666667,0.0451195897170547,0.164841407234651,97,6.08893385688529,1.30695950131607,0.185169019976939,0.832173364295817,98.4234444326486,4.9303515553386e-05,2.87088577158647e-05,2.73968869081209e-05,5.81089539744666e-05,3.38361610312416e-05,3.22898767464936e-05
"98","BS","non-sheltered","SR","Landrace","BS-WW-SR-1.tif",5.74112886713581,10,0.108482908564025,0.00267836960998125,7,1.48194578243642,4.25918308469939,NA,NA,5.74112886713581,1.48194578243642,4.25918308469939,NA,NA,1.35183507731693,0.686817292544302,0.108482908564025,10,0.1175264774898,7,0.0950025406818042,0.05839696998,5.32090973321032,53.2090973321032,386.238593519123,0.256421963282574,0.272879624047829,0.108482908564025,10848.2908564025,202.286326841706,40.730144992389,8.5,0.0618240060281484,NA,98,6.22747753015417,1.62057656245368,0.0935226168373239,0,30.1703328576549,6.18740374370024e-05,3.43995033442297e-05,3.30528718409664e-05,7.28458602117128e-05,4.04994003263076e-05,3.89139771939755e-05
"99","PM","sheltered","CR3","Modern","PM-DS-CR3-5.tif",5.81210381803061,12,0.289573706331614,0.0033312468595425,10,2.12544267289477,3.68666114513584,NA,NA,5.81210381803061,2.12544267289477,3.68666114513584,NA,0.141100414976395,1.36016546964173,0.82252623988497,0.289573706331614,12,0.175284695570981,10,0.0537639229756757,0.0651266092687492,5.27729637048528,63.3275564458233,388.618705611922,0.259591990758617,0.328786528953,0.289573706331614,24131.1421943011,1000.92063936279,240.549739976022,10.8571428571429,0.0564285498469519,0.141100414976395,99,5.50273370486608,2.14169144364185,0.248502950381818,0.472516269479213,177.377243579793,8.18527593289317e-05,4.36455825005061e-05,4.03359975498488e-05,9.57771061218175e-05,5.10703319127075e-05,4.71977383479084e-05
"100","BS","sheltered","SR","Landrace","BS-DS-SR-6.tif",5.89003160640916,8,0.222173670148846,0.00292014911681866,9,1.27899123480165,4.61104037160751,0.0579625067932969,1.25703750394816,5.89003160640916,1.27899123480165,4.61104037160751,0.0579625067932969,0.0125703750394816,1.3692535522156,0.638056074635904,0.222173670148846,8,0.188042648963093,9,0.0812441641755214,0.0609758094005891,6.19668261560662,49.573460924853,391.215300633028,0.263072559990338,0.260828345461642,0.222173670148846,27771.7087686058,1325.71170805787,212.374701634721,8.125,0.0498733406134783,0.0560689678901301,100,6.24666616742482,1.36149760614582,0.190485329984528,0.060061688214721,156.44235820139,5.43508105292042e-05,3.08291721400045e-05,2.95891533548422e-05,6.31745679445341e-05,3.58342334009158e-05,3.43928997716105e-05
"101","W2","non-sheltered","CR5","Modern","W2-WW-CR5-1.tif",5.96399080377096,9,0.285965880053809,0.00883417274486733,7,1.30418039376727,4.6598104100037,0.837721086114505,17.9775787511887,5.96399080377096,1.30418039376727,4.6598104100037,0.837721086114505,0.179775787511887,1.37782336819692,0.644308553957799,0.285965880053809,9,0.201136511666828,7,0.104787830605589,0.106056673923835,5.55996064256594,50.0396457830935,393.663819484835,0.266375875945999,0.266587089549981,0.285965880053809,31773.9866726454,1735.3508994131,312.629748983907,8.25,0.0828796773412384,0.129331947208644,101,6.48947798951546,1.43687475075041,0.245341986440992,0.920807410394097,230.795554721089,4.82067462041733e-05,2.90199338074552e-05,2.81136542452182e-05,5.56845102635398e-05,3.35214659604757e-05,3.24746055610768e-05
"102","PM","sheltered","CR3","Modern","PM-DS-CR3-3.tif",5.98803260640812,11,0.308596562539572,0.0024834838116426,10,1.97240703239542,4.0156255740127,NA,NA,5.98803260640812,1.97240703239542,4.0156255740127,NA,0.141100414976395,1.38059768847068,0.792361444032895,0.308596562539572,11,0.188996716372323,10,0.0588236244437789,0.056232284300862,5.55258811519024,61.0784692670926,394.456482420195,0.267449679787673,0.326708340948102,0.308596562539572,28054.232958143,1352.82208667006,297.947567408361,10.8571428571429,0.0564285498469519,0.141100414976395,102,5.65370406163992,1.99609690156162,0.26374861357184,0.521695467952522,218.087337972223,7.49547861936536e-05,4.1010152735507e-05,3.82515285349177e-05,8.64076829241297e-05,4.72763976016765e-05,4.40962627852618e-05
"103","W2","non-sheltered","CR4","Modern","W2-WW-CR4-4.tif",5.98996764569581,13,0.322896417834847,0.00280340897656314,10,1.6168766577767,4.37309098791911,0.117219565251286,2.68047396166946,5.98996764569581,1.6168766577767,4.37309098791911,0.117219565251286,0.0268047396166946,1.3808207412789,0.717403530037405,0.322896417834847,13,0.177834081712454,10,0.06634172112415,0.0597445492829741,4.2684313230453,55.4896071995889,394.520211793973,0.267536106444287,0.296909469166018,0.322896417834847,24838.1859872959,1060.43398247274,276.009744912077,9.5,0.0594477558553929,0.0229580363677611,103,5.77788261626932,1.72996794307604,0.2752226747663,0.106079829404327,200.819836258839,6.92092425975426e-05,3.7905065547492e-05,3.57508901694491e-05,7.97713471253559e-05,4.36898025193201e-05,4.12068758840724e-05
"104","GBL","sheltered","CR4","Landrace","GBL-DS-CR4-1.tif",6.0590759922524,14,0.307413013916154,0.00389064925485951,9,1.49366554957581,4.56541044267659,0.185028588373221,4.05283578982537,6.0590759922524,1.49366554957581,4.56541044267659,0.185028588373221,0.0405283578982537,1.38876340298584,0.689527744969066,0.307413013916154,14,0.167206118711579,9,0.0776928508907522,0.0703827286056851,3.81508490463525,53.4111886648936,396.789543710239,0.270622763844488,0.289085669934258,0.307413013916154,21958.0724225824,828.766739509632,232.343772732631,9,0.0759345284397249,0.0900998520651844,104,6.48493814688423,1.61719599641786,0.262671913586809,0.203165861860998,169.835485139989,5.83814420700643e-05,3.32494526382249e-05,3.17731725005093e-05,6.69062496196743e-05,3.81045088824775e-05,3.64126635991078e-05
"105","W2","non-sheltered","CR5","Modern","W2-WW-CR5-2.tif",6.06517307214669,9,0.212695239225596,0.00528373659274386,8,1.33635506681818,4.72881800532851,0.447225840419894,9.45745511702825,6.06517307214669,1.33635506681818,4.72881800532851,0.447225840419894,0.0945745511702825,1.38946196431569,0.65220781137612,0.212695239225596,9,0.173465331009121,8,0.0921567691174458,0.0820211093185511,5.62540160180039,50.6286144162035,396.989132661625,0.270895084015828,0.274300855117649,0.212695239225596,23632.8043583996,960.00701507329,173.07556356831,8.25,0.0828796773412384,0.129331947208644,105,5.6537274104835,1.42207097400715,0.183704587584793,0.407532265706533,129.505739998468,5.91695111462535e-05,3.36196984402463e-05,3.22970404158935e-05,6.77753002320952e-05,3.85094470337613e-05,3.69944177058474e-05
"106","PM","sheltered","CR4","Modern","PM-DS-CR4-3.tif",6.12919509856331,13,0.331850435379334,0.00374332487171269,10,1.50165720306072,4.62753789550258,0.584323037683867,12.6270827139365,6.12919509856331,1.50165720306072,4.62753789550258,0.584323037683867,0.126270827139365,1.39677607160988,0.691369896215715,0.331850435379334,13,0.180282918100017,10,0.0705406175394167,0.0690373033616991,4.11911842014182,53.5485394618437,399.078877602823,0.273754565850673,0.293183143446293,0.331850435379334,25526.9565676411,1120.06174914271,291.50923792055,8.64285714285714,0.063998138794563,0.160705460829148,106,5.84852323383822,1.58972294972376,0.282119310043585,0.536457471487199,210.966495438316,6.14027147327362e-05,3.48848387931573e-05,3.31161660064345e-05,6.99650127719684e-05,3.97493531407344e-05,3.7734047878563e-05
"107","W2","non-sheltered","CR4","Modern","W2-WW-CR4-1.tif",6.1293264852555,13,0.351857096916027,0.00282598058103087,10,1.64075363347825,4.48857285177724,NA,NA,6.1293264852555,1.64075363347825,4.48857285177724,NA,0.0229580363677611,1.39679104231985,0.722681189964222,0.351857096916027,13,0.185637854621303,10,0.0674109852355627,0.059984583256218,4.2987007325948,55.8831095237324,399.083154948528,0.273760434110094,0.305971686452778,0.351857096916027,27065.9305320021,1259.18578639432,327.694276148976,9.5,0.0594477558553929,0.0229580363677611,107,5.92223194970074,1.76308655903992,0.300243012250072,0.0914940031149446,238.652381251944,6.93600275457923e-05,3.81390022850258e-05,3.60072587945276e-05,7.90310855557095e-05,4.34568275020838e-05,4.10278491965437e-05
"108","W2","non-sheltered","CR5","Modern","W2-WW-CR5-8.tif",6.13037573886018,9,0.284850751792299,0.00438332139836242,9,1.47696009033811,4.65341564852207,0.715198035011095,15.3693134039776,6.13037573886018,1.47696009033811,4.65341564852207,0.715198035011095,0.153693134039776,1.39691059259369,0.685660993679474,0.284850751792299,9,0.200743961173734,9,0.0790277332126907,0.0747062122027269,5.9025426320824,53.1228836887416,399.117312169626,0.273807298006641,0.290908664902708,0.284850751792299,31650.0835324777,1721.84323353575,310.222690701337,8.25,0.0828796773412384,0.129331947208644,108,6.59635534697773,1.61650874584307,0.244726075089905,0.763366294634421,229.712192579592,5.32453597776433e-05,3.14973360285888e-05,3.0163836572855e-05,6.06643134517569e-05,3.58860241289217e-05,3.43667212392764e-05
"109","PM","non-sheltered","SR","Modern","PM-WW-SR-4.tif",6.15831979635012,5,0.0905881170820433,0.00289831360839016,11,0.977184255377758,5.18113554097237,NA,NA,6.15831979635012,0.977184255377758,5.18113554097237,NA,0.0254878349035259,1.40009073758082,0.557716244258571,0.0905881170820433,5,0.151881778335623,11,0.0765794993929313,0.0607474073458811,8.71666463438381,43.5833231719191,400.02592502309,0.275055392283826,0.239756561041699,0.0905881170820433,18117.6234164087,564.217229299952,56.6614794910369,9.75,0.0692385323611717,0.0254878349035259,109,6.56631936933944,1.06856171722977,0.0778873144690952,0.139639348636222,41.864876482371,4.55893579149399e-05,2.632873393605e-05,2.53993642151073e-05,5.18235816421826e-05,2.99291184406669e-05,2.88726598763917e-05
"110","BS","non-sheltered","CR4","Landrace","BS-WW-CR4-16.tif",6.18727990132135,14,0.356022523381833,0.00283912754948305,11,2.06197824687928,4.12530165444207,NA,NA,6.18727990132135,2.06197824687928,4.12530165444207,NA,0.0835746175092429,1.4033789086262,0.810153109651253,0.356022523381833,14,0.179940854486402,11,0.0539296180886312,0.06012395087275,4.45750113254267,62.4050158555974,400.965402464628,0.276348867338201,0.344911108958336,0.356022523381833,25430.1802415595,1111.58522046069,311.588772837952,8.27272727272727,0.056343910714854,0.0835746175092429,110,6.43099999749954,2.13158084993984,0.304772960132503,0.36277456617815,228.640110696951,7.33921889896019e-05,4.02268851163493e-05,3.75144156582459e-05,8.3232900182776e-05,4.56206629022533e-05,4.25444949508227e-05
"111","W2","non-sheltered","CR4","Modern","W2-WW-CR4-3.tif",6.23191868602815,13,0.400988497436619,0.00218107526779003,8,1.50205070092013,4.72986798510802,NA,NA,6.23191868602815,1.50205070092013,4.72986798510802,NA,0.0229580363677611,1.4084322233094,0.691460474396166,0.400988497436619,13,0.19817521616377,8,0.0896214686141543,0.052697545303307,4.11963792084447,53.5552929709781,402.409206659829,0.278342615445579,0.298134406329926,0.400988497436619,30845.2690335861,1635.38877378089,425.49921558936,9.5,0.0594477558553929,0.0229580363677611,111,5.92946923518324,1.64395068576975,0.344834714828424,0.0960593765168995,315.711665513147,6.63526239224312e-05,3.69798233930439e-05,3.54016943393978e-05,7.49794552382419e-05,4.17877522983605e-05,4.00044429167097e-05
"112","W2","non-sheltered","CR5","Modern","W2-WW-CR5-9.tif",6.23378787656162,10,0.301872898172874,0.00571514965050395,8,1.25012926074961,4.98365861581201,0.721587273872315,14.4790670770041,6.23378787656162,1.25012926074961,4.98365861581201,0.721587273872315,0.144790670770041,1.40864342879319,0.630815743862052,0.301872898172874,10,0.196050124059516,8,0.0972284606163917,0.0853038952164611,4.90336218623546,49.0336218623546,402.469551083767,0.278426101031329,0.273044803091599,0.301872898172874,30187.2898172874,1566.36198952998,313.545442709088,8.25,0.0828796773412384,0.129331947208644,112,5.8010616410008,1.33797306874384,0.258968404230296,0.661631290013402,231.250358860235,5.39840899988985e-05,3.15313271382327e-05,3.04138099936416e-05,6.09936808423069e-05,3.56255278924397e-05,3.4362906181962e-05
"113","BS","non-sheltered","CR4","Landrace","BS-WW-CR4-6.tif",6.32755769918661,13,0.15434746207827,0.00276598852355939,10,1.12697259388571,5.2005851053009,NA,NA,6.32755769918661,1.12697259388571,5.2005851053009,NA,0.0835746175092429,1.41919842553797,0.598937824896717,0.15434746207827,13,0.122951301287437,10,0.0820260600641255,0.0593444687269121,3.58898494033071,46.6568042242992,405.48526443942,0.28261423938715,0.263717544761709,0.15434746207827,11872.8816983285,242.301536506238,63.2621170363835,8.27272727272727,0.056343910714854,0.0835746175092429,113,5.99004117847241,1.21145633848015,0.132882233538153,0.402804022735356,46.7906790421991,5.23490059475751e-05,3.00638276388112e-05,2.89160932373036e-05,5.87064001240373e-05,3.37148540392847e-05,3.24277359022469e-05
"114","PM","sheltered","CR3","Modern","PM-DS-CR3-1.tif",6.42647606687016,12,0.350472175336769,0.00220441831505099,9,2.44082848071505,3.98564758615512,0.96223700438632,24.1425510807536,6.42647606687016,2.44082848071505,3.98564758615512,0.96223700438632,0.241425510807536,1.43024853274118,0.881441907269311,0.350472175336769,12,0.19283737383439,9,0.0609785139413187,0.0529787936051905,5.64335905049999,67.7203086059999,408.642437926051,0.28703233252408,0.388758362768613,0.350472175336769,29206.0146113974,1466.18402546077,352.272924473353,10.8571428571429,0.0564285498469519,0.141100414976395,114,6.61635801354809,2.47132660797813,0.299123940267337,1.00314504385167,256.904542908065,7.19610282349842e-05,4.12755527893743e-05,3.86022438605885e-05,8.00766656381233e-05,4.59305365808627e-05,4.29557366024805e-05
"115","BS","sheltered","CR3","Landrace","BS-DS-CR3-1.tif",6.44684367297852,16,0.336795545813669,0.0021107565923485,12,2.28831733668834,4.15852633629018,0.0356782800360974,0.857954889566144,6.44684367297852,2.28831733668834,4.15852633629018,0.0356782800360974,0.00857954889566144,1.43251320265835,0.853460034795807,0.336795545813669,16,0.163711141843765,12,0.0482544306552119,0.0518410914496265,4.10212376214846,65.6339801943754,409.289486473814,0.287942031934516,0.377975632422364,0.336795545813669,21049.7216133543,761.616949054302,244.095399329799,10,0.0609497452868328,0.0156160880418537,115,6.28315703766689,2.38411862011216,0.288477028103216,0.0334850267685272,179.326391811736,8.89709311680889e-05,4.64191672610358e-05,4.27665088149463e-05,9.88483977712231e-05,5.15725782498446e-05,4.75144052009491e-05
"116","GBL","sheltered","CR4","Landrace","GBL-DS-CR4-2.tif",6.52434566273411,13,0.291049604901706,0.00365784047921378,10,1.6399008392479,4.88444482348621,NA,NA,6.52434566273411,1.6399008392479,4.88444482348621,NA,0.0900998520651844,1.44109809705259,0.722493356020457,0.291049604901706,13,0.168836713661545,10,0.0718604741032135,0.0682444660501348,4.29762343268348,55.8691046248853,411.742313443598,0.291403583282927,0.325609145650006,0.291049604901706,22388.4311462851,861.571274220947,224.334140443096,9,0.0759345284397249,0.0900998520651844,116,6.17779685487323,1.7072420979175,0.248912776617302,0.403102599027963,164.480231381505,6.41947894566997e-05,3.64093236731182e-05,3.45821224085289e-05,7.08967563254258e-05,4.02104745614556e-05,3.81925126067633e-05
"117","BS","non-sheltered","CR3","Landrace","BS-WW-CR3-3.tif",6.54097393213036,11,0.313745890915889,0.00258874730701168,13,2.02147306009124,4.51950087203912,0.365418527157597,8.08537352915094,6.54097393213036,2.02147306009124,4.51950087203912,0.365418527157597,0.0808537352915094,1.44293335531048,0.802156381063719,0.313745890915889,11,0.190567018827373,13,0.04929053648052,0.0574116315968631,5.61897997928281,61.8087797721109,412.266672945851,0.292146268838896,0.361144087838144,0.313745890915889,28522.3537196263,1398.3458893694,307.997239749105,10.3333333333333,0.0588756405497597,0.0928987839113064,117,6.7691531061956,2.08311039510772,0.270534862819209,0.377370167753851,229.208018503542,7.15175331259885e-05,3.94765732432875e-05,3.68224648158562e-05,7.8883538680761e-05,4.35424944948103e-05,4.0615024045999e-05
"118","W2","non-sheltered","CR5","Modern","W2-WW-CR5-3.tif",6.70027371527114,9,0.287310665118303,0.00515746739501557,8,1.32667992449066,5.37359379078048,0.630655459360497,11.7361952524681,6.70027371527114,1.32667992449066,5.37359379078048,0.630655459360497,0.117361952524681,1.46039835788329,0.649842546904204,0.287310665118303,9,0.201608889919949,8,0.101319476372385,0.0810351247177177,5.60580669968638,50.4522602971774,417.256673680939,0.299261239446379,0.301968118988094,0.287310665118303,31923.407235367,1751.71062139236,315.609879969613,8.25,0.0828796773412384,0.129331947208644,118,6.234619540163,1.42528472688772,0.245756028130783,0.572856982634005,231.946837924491,5.61702646382303e-05,3.26968199427096e-05,3.15984375322452e-05,6.12146351966022e-05,3.56331578242145e-05,3.44361351825021e-05
"119","PM","non-sheltered","CR5","Modern","PM-WW-CR5-3.tif",6.74999591622807,8,0.240835787664489,0.00615496101363953,8,1.4091667103297,5.34082920589837,0.254149723590782,4.75861919175586,6.74999591622807,1.4091667103297,5.34082920589837,0.254149723590782,0.0475861919175586,1.46580709229953,0.669740020589357,0.240835787664489,8,0.195781015627751,8,0.0995083839637718,0.0885253622351757,6.49197699189281,51.9358159351425,418.802026371295,0.301482033419685,0.313154307908745,0.240835787664489,30104.4734580612,1557.77940663895,249.55785937014,7.42857142857143,0.0794338895827557,0.0733529394942705,119,6.3936614959841,1.56050848496319,0.204987604406078,0.228012621421653,181.187101929152,6.12981911682005e-05,3.49935002020937e-05,3.37424176196206e-05,6.65565760887824e-05,3.79953717137041e-05,3.6636966653019e-05
"120","GBL","non-sheltered","CR3","Landrace","GBL-WW-CR3-3.tif",6.77607031741828,11,0.36507471117929,0.00476678138517845,10,1.95886170227168,4.8172086151466,0.352827968225191,7.32432403105411,6.77607031741828,1.95886170227168,4.8172086151466,0.352827968225191,0.0732432403105411,1.4686354794539,0.789636020898163,0.36507471117929,11,0.205565198473123,10,0.0678999458555733,0.0779054206118975,5.53411470165155,60.8752617181671,419.610136986827,0.30264662130812,0.368473845605016,0.36507471117929,33188.6101072082,1893.31125847399,416.896950709883,8.66666666666667,0.0754983075606398,0.133545056242431,120,6.36552605035393,1.98432554712407,0.31337144942336,0.315485027951852,307.625331337513,7.17190842251445e-05,4.01698078659712e-05,3.79257893182302e-05,7.77214423057526e-05,4.35317243411435e-05,4.10998980012565e-05
"121","PM","sheltered","CR4","Modern","PM-DS-CR4-14.tif",6.86842945580164,13,0.298870179880786,0.00174472171253116,11,1.79601915548075,5.07241030032089,1.1429267209685,22.5322214351665,6.86842945580164,1.79601915548075,5.07241030032089,1.1429267209685,0.225322214351665,1.47861049581613,0.756102276788653,0.298870179880786,13,0.171090019437885,11,0.0656825653661341,0.0471322466996083,4.49038351979708,58.374985757362,422.460141661751,0.306771752817869,0.358155934030081,0.298870179880786,22990.0138369835,908.494604592369,236.566753128046,8.64285714285714,0.063998138794563,0.160705460829148,121,7.25657199342314,1.91326497990959,0.259188394473108,1.2107283500431,177.923778471498,5.60917110357109e-05,3.36128881321813e-05,3.19519659544499e-05,6.03760970389172e-05,3.61803011203352e-05,3.43925147125902e-05
"122","PM","non-sheltered","SR","Modern","PM-WW-SR-2.tif",6.91670797929377,6,0.125222809430667,0.00513153433382016,11,1.02582339944156,5.8908845798522,NA,NA,6.91670797929377,1.02582339944156,5.8908845798522,NA,0.0254878349035259,1.48379800837429,0.571427799044563,0.125222809430667,6,0.163012593005346,11,0.0829427463027027,0.0808311353315418,7.4342761161271,44.6056566967626,423.942288106941,0.308928066334727,0.275598785418431,0.125222809430667,20870.4682384445,748.700757741041,90.1196897143433,9.75,0.0692385323611717,0.0254878349035259,122,7.26140328232759,1.08014552466192,0.107936094708088,0.158038238781896,67.0412205240256,4.48438130297547e-05,2.62495276742758e-05,2.5431266241092e-05,4.81003106251228e-05,2.81557331901651e-05,2.72780507084684e-05
"123","BS","non-sheltered","CR3","Landrace","BS-WW-CR3-9.tif",6.99253738438719,11,0.306563077000172,0.0051807998295876,10,1.53212674889494,5.46041063549225,0.359739203725401,6.58813462465852,6.99253738438719,1.53212674889494,5.46041063549225,0.359739203725401,0.0658813462465852,1.49190944060294,0.698348831931357,0.306563077000172,11,0.188372993768,10,0.0793560608671587,0.0812182197317088,4.91535353716382,54.068888908802,426.25984017227,0.31231491330831,0.337730407044582,0.306563077000172,27869.3706363793,1335.05208621302,294.04918937391,10.3333333333333,0.0588756405497597,0.0928987839113064,123,6.71273151318061,1.66169896988257,0.263942972099639,0.338163759989932,218.547657221103,6.04748076430381e-05,3.49569288089453e-05,3.34572785536955e-05,6.45137319127844e-05,3.72915933356294e-05,3.56917861051344e-05
"124","BS","non-sheltered","CR3","Landrace","BS-WW-CR3-6.tif",7.08374851323851,11,0.242967647326485,0.00707179649077167,10,1.73908189471834,5.34466661852017,0.424675585615586,7.9457825141799,7.08374851323851,1.73908189471834,5.34466661852017,0.424675585615586,0.079457825141799,1.50160819889995,0.744020806141929,0.242967647326485,11,0.167699953018736,10,0.0757587392758019,0.0948898885254369,5.22492648235838,57.4741913059422,429.030913971414,0.316388770083614,0.363683773976748,0.242967647326485,22087.9679387714,838.601072731767,184.855919774966,10.3333333333333,0.0588756405497597,0.0928987839113064,124,6.69758383678365,1.80909994203671,0.20749154551973,0.388315148208594,134.774840699965,6.43049107694633e-05,3.69709165378258e-05,3.52346203875087e-05,6.81565565607655e-05,3.91853488942286e-05,3.73450545005457e-05
"125","BS","non-sheltered","CR4","Landrace","BS-WW-CR4-8.tif",7.0980806287366,7,0.196197815951303,0.00211988770872201,9,1.4881445328446,5.609936095892,0.352953247418549,6.29157340449932,7.0980806287366,1.4881445328446,5.609936095892,0.352953247418549,0.0629157340449932,1.50312648737773,0.688252218939245,0.196197815951303,7,0.188909206407988,9,0.090541585382054,0.0519531025170093,7.61658363487287,53.3160854441101,429.464710679352,0.317028900148461,0.338054798571352,0.196197815951303,28028.2594216147,1350.31827142244,189.382612797713,8.27272727272727,0.056343910714854,0.0835746175092429,125,7.62596116430837,1.62701232187052,0.168109540654321,0.37085902779159,139.575853444358,5.36109270443727e-05,3.17602724089431e-05,3.06601364985706e-05,5.6764644323021e-05,3.36286027175714e-05,3.24637501939881e-05
"126","PM","sheltered","CR4","Modern","PM-DS-CR4-9.tif",7.15285386313142,11,0.384622325097515,0.00610581622488457,8,1.72399489461576,5.42885896851566,NA,NA,7.15285386313142,1.72399489461576,5.42885896851566,NA,0.160705460829148,1.50891487469063,0.740786486571252,0.384622325097515,11,0.210996844892856,8,0.0960160485149228,0.0881712349375271,5.20300367625023,57.2330404387525,431.118535625895,0.319475293640733,0.365690848002448,0.384622325097515,34965.6659179559,2101.49080757527,462.693668514562,8.64285714285714,0.063998138794563,0.160705460829148,126,6.76797225140651,1.86308133408159,0.331183447227733,0.779867042165435,343.571789638842,6.14294679212323e-05,3.64054417969941e-05,3.49910379181537e-05,6.47936052268928e-05,3.83991576637075e-05,3.69072950502386e-05
"127","BS","non-sheltered","CR3","Landrace","BS-WW-CR3-2.tif",7.18253556143286,11,0.29560858372549,0.00212956119357475,10,1.52773155751288,5.65480400391997,0.231223631206401,4.08897693087354,7.18253556143286,1.52773155751288,5.65480400391997,0.231223631206401,0.0408897693087354,1.5120423529355,0.697346440581231,0.29560858372549,11,0.184976789345545,10,0.0814695912354269,0.0520715039593902,4.90855914633969,53.9941506097366,432.012100838714,0.32080099796268,0.346427547995014,0.29560858372549,26873.5076114082,1241.34528287175,273.44238977978,10.3333333333333,0.0588756405497597,0.0928987839113064,127,6.81499746646792,1.62035154752257,0.254854302365325,0.212456658112318,203.364638196716,6.07427757832398e-05,3.49986839743541e-05,3.3555900049038e-05,6.39367872484302e-05,3.68390048427907e-05,3.5320355625844e-05
"128","PM","sheltered","CR4","Modern","PM-DS-CR4-13.tif",7.18991593658031,12,0.374881375651751,0.00498232890117805,8,1.84013258458497,5.34978335199534,0.5800217853786,10.841967743652,7.18991593658031,1.84013258458497,5.34978335199534,0.5800217853786,0.10841967743652,1.51281899890367,0.765331557929194,0.374881375651751,12,0.199439588193294,8,0.0934359301218094,0.0796473363136319,4.92192674660006,59.0631209592007,432.233999686763,0.321130635274238,0.379339551098146,0.374881375651751,31240.1146376459,1677.52547800034,402.98545427118,8.64285714285714,0.063998138794563,0.160705460829148,128,6.69763212836173,1.92169633100175,0.322675250677286,0.522575515537887,299.569828110755,6.59513911073995e-05,3.83062860322555e-05,3.67488809707645e-05,6.9383646729293e-05,4.02998295099656e-05,3.86613736595813e-05
"129","PM","non-sheltered","SR","Modern","PM-WW-SR-5.tif",7.23475015890205,5,0.102887360070024,0.00389492118118643,9,0.871935197704848,6.3628149611972,NA,NA,7.23475015890205,0.871935197704848,6.3628149611972,NA,0.0254878349035259,1.51752841806942,0.526825961339294,0.102887360070024,5,0.161864298407376,9,0.110078050747792,0.0704213580635389,8.25602873549155,41.2801436774578,433.579548019834,0.323133112413498,0.266779626147466,0.102887360070024,20577.4720140049,727.826604642039,73.0494400903514,9.75,0.0692385323611717,0.0254878349035259,129,7.8115570527581,0.974742537557009,0.0880889279075897,0.171550414121139,53.5084484441783,4.1849348033227e-05,2.45236654376911e-05,2.39904015567113e-05,4.38906482761925e-05,2.5719864818781e-05,2.51605897395158e-05
"130","GBL","non-sheltered","SR","Landrace","GBL-WW-SR-2.tif",7.2476398613024,8,0.116924883289958,0.00473901216295804,9,1.33478075649447,5.91285910480792,0.442548750534556,7.48451371308182,7.2476398613024,1.33478075649447,5.91285910480792,0.442548750534556,0.0748451371308182,1.51887965927267,0.651823527252637,0.116924883289958,8,0.136415443209483,9,0.0963395702244484,0.0776781673886498,6.32499527399458,50.5999621919566,433.965616935049,0.323708818493629,0.327593079539612,0.116924883289958,14615.6104112447,367.178973450185,59.0762288315692,8.83333333333333,0.0626694263130119,0.0755513352331297,130,7.75595179444157,1.44813580446608,0.0999736476695282,0.473503024457936,43.1918173073209,4.96297252663023e-05,2.95952137300045e-05,2.87016805189781e-05,5.20042259582773e-05,3.10111767462004e-05,3.00748930420673e-05
"131","PM","non-sheltered","SR","Modern","PM-WW-SR-1.tif",7.25393682551679,6,0.0992795971429361,0.00338213021058548,9,1.0064069943149,6.24752983120189,0.109890732439885,1.75894690235908,7.25393682551679,1.0064069943149,6.24752983120189,0.109890732439885,0.0175894690235908,1.51953933983779,0.565994077544056,0.0992795971429361,6,0.145147458967173,9,0.105949473588192,0.0656221146379854,7.3667530702808,44.2005184216848,434.154097096511,0.323990066304633,0.286410577882817,0.0992795971429361,16546.5995238227,470.610268215441,56.7596427637358,9.75,0.0692385323611717,0.0254878349035259,131,7.85399098230154,1.1314230463117,0.0866639276181003,0.121464904335437,43.307832018417,4.51494946949846e-05,2.65093802433138e-05,2.58651491992375e-05,4.72891031539545e-05,2.77656444516692e-05,2.70908836707543e-05
"132","BS","non-sheltered","CR3","Landrace","BS-WW-CR3-5.tif",7.37184591100445,11,0.261859386373799,0.00234851033946228,10,1.5751246763649,5.79672123463956,NA,NA,7.37184591100445,1.5751246763649,5.79672123463956,NA,0.0928987839113064,1.53183923206591,0.708080331924981,0.261859386373799,11,0.174097602169067,10,0.0823758900140927,0.0546828696707001,4.98131541348423,54.7944695483266,437.668352018831,0.329256361468755,0.360828553441851,0.261859386373799,23805.3987612544,974.080408383898,214.658518397899,10.3333333333333,0.0588756405497597,0.0928987839113064,132,6.97307995345662,1.66294774426915,0.223621880920645,0.488474559338827,156.755447576846,5.89888641830936e-05,3.45889112609065e-05,3.31849979815524e-05,6.12882156664327e-05,3.59371668260246e-05,3.44785298267605e-05
"133","W2","non-sheltered","CR5","Modern","W2-WW-CR5-4.tif",7.38955686602411,9,0.281374150693074,0.00806240476902118,NA,1.44002988665985,5.94952697936426,0.673375664295326,11.3181378390401,7.38955686602411,1.44002988665985,5.94952697936426,0.673375664295326,0.113181378390401,1.53367825992702,0.677034525946761,0.281374150693074,9,0.199515161086039,8.25,0.10383560411882,0.101318174961747,5.83107713939894,52.4796942545905,438.193788550578,0.330047404130025,0.346415737165299,0.281374150693074,31263.7945214526,1680.06955724155,302.758936040643,8.25,0.0828796773412384,0.129331947208644,133,7.82681769826875,1.63353245500721,0.241946037473269,0.683530278010941,224.315717482976,5.22261127638238e-05,3.14291188576874e-05,3.04886427489455e-05,5.41967909568777e-05,3.26150520218084e-05,3.16390883827775e-05
"134","W2","non-sheltered","CR4","Modern","W2-WW-CR4-2.tif",7.41776285880148,14,0.340082585096262,0.00335561182547869,10,1.69723172735079,5.72053113145069,0.109326976069778,1.91113331188276,7.41776285880148,1.69723172735079,5.72053113145069,0.109326976069778,0.0191113331188276,1.53660250270636,0.735014039294861,0.340082585096262,14,0.175866547582519,10,0.0801588463411499,0.0653643455790725,4.05733191213035,56.8026467698248,439.029286487531,0.331307197493262,0.376382514230207,0.340082585096262,24291.6132211616,1014.2770578312,284.373958706967,9.5,0.0594477558553929,0.0229580363677611,134,7.01941270093617,1.78018055989188,0.290582673043922,0.10280532614437,207.707819104421,6.46377778205197e-05,3.70014974912163e-05,3.5395121159981e-05,6.69491415801585e-05,3.83246234283584e-05,3.66608051465866e-05
"135","BS","non-sheltered","CR4","Landrace","BS-WW-CR4-10.tif",7.51061454789038,12,0.368387345809548,0.00287830769225667,10,1.65475851521868,5.85585603267169,NA,NA,7.51061454789038,1.65475851521868,5.85585603267169,NA,0.0835746175092429,1.54618978845073,0.725758909446462,0.368387345809548,12,0.197704606350135,10,0.0820430879004266,0.0605373865945384,4.67604869069402,56.1125842883282,441.768510985922,0.335454328303471,0.37646418543626,0.368387345809548,30698.945484129,1619.90968654306,389.154788955771,8.27272727272727,0.056343910714854,0.0835746175092429,135,7.03331831958625,1.70500550783689,0.31717679989835,0.449612556624012,289.092680883633,6.03509760319495e-05,3.5310694545968e-05,3.3862598175873e-05,6.21214564191991e-05,3.63465832136293e-05,3.48560049088471e-05
"136","GBL","non-sheltered","CR3","Landrace","GBL-WW-CR3-6.tif",7.51107389546325,11,0.319059165809849,0.00282254478392302,8,1.77637345629552,5.73470043916773,0.47036073145987,8.20201048772014,7.51107389546325,1.77637345629552,5.73470043916773,0.47036073145987,0.0820201048772014,1.54623707004552,0.751955605533554,0.319059165809849,11,0.192173867067231,8,0.0992851830639955,0.0599481078573523,5.27870999532561,58.0658099485818,441.782020013005,0.335474844618152,0.389592371402553,0.319059165809849,29005.3787099862,1446.10879548667,318.53352737847,8.66666666666667,0.0754983075606398,0.133545056242431,136,7.16473806140143,1.96054782910125,0.273494599430761,0.414969346295979,234.796806660156,6.54201533713656e-05,3.81130751315921e-05,3.66977818541969e-05,6.73372860383968e-05,3.92299759276054e-05,3.77732075873176e-05
"137","PM","sheltered","CR4","Modern","PM-DS-CR4-10.tif",7.52730865342995,11,0.318272050902748,0.00504480353859253,8,1.58853922134093,5.93876943208902,1.0323005532639,17.382398240384,7.52730865342995,1.58853922134093,5.93876943208902,1.0323005532639,0.17382398240384,1.54790721968196,0.711089121519601,0.318272050902748,11,0.191936675445869,8,0.104602262270295,0.0801451393457887,5.00170953640922,55.0188049005014,442.259205623418,0.33619995436705,0.369946393937564,0.318272050902748,28933.8228093407,1438.98253250335,316.946103544674,8.64285714285714,0.063998138794563,0.160705460829148,137,7.13325728407521,1.75439463267791,0.273360538903942,0.924937668517452,234.395957688288,5.62503115011335e-05,3.41312616195756e-05,3.30310250838658e-05,5.78362515015834e-05,3.50935697672775e-05,3.39623127965625e-05
"138","PM","sheltered","CR3","Modern","PM-DS-CR3-4.tif",7.53872230366972,11,0.295706936043309,NA,NA,2.05659963916148,5.48212266450823,1.01438562861382,18.503519360868,7.53872230366972,2.05659963916148,5.48212266450823,1.01438562861382,0.18503519360868,1.5490803202069,0.809095789796929,0.295706936043309,11,0.185007558720967,10.8571428571429,0.0681564699061815,0.0564285498469519,5.66601655338718,62.326182087259,442.594377201971,0.336709734006287,0.419716643844568,0.295706936043309,26882.4487312099,1242.17143950409,273.697433334744,10.8571428571429,0.0564285498469519,0.141100414976395,138,7.22179701351,2.09711312369438,0.253397986554034,0.956198337098499,201.237593555148,6.42735917384666e-05,3.7953993958723e-05,3.60070202209735e-05,6.6035696806742e-05,3.89945290106319e-05,3.69941776383316e-05
"139","GBL","non-sheltered","SR","Landrace","GBL-WW-SR-1.tif",7.54911968056219,11,0.183570503468768,0.00607900550424536,7,1.45360819611867,6.09551148444352,0.69431816945155,11.3906465638451,7.54911968056219,1.45360819611867,6.09551148444352,0.69431816945155,0.113906465638451,1.55014819495027,0.680218979051862,0.183570503468768,11,0.145767319028206,7,0.1242756022712,0.0879774414305617,4.79246609800972,52.7171270781069,442.899484271504,0.337174122780247,0.35549702156111,0.183570503468768,16688.2275880698,478.700978132897,105.669712210798,8.83333333333333,0.0626694263130119,0.0755513352331297,139,8.23541022498807,1.61337514795127,0.156633081907911,0.743544003650194,76.9383915577496,5.12876886317274e-05,3.09130650695443e-05,3.01760881149711e-05,5.26574761825228e-05,3.17386887780574e-05,3.09820287009936e-05
"140","PM","sheltered","CR4","Modern","PM-DS-CR4-11.tif",7.63016349886519,12,0.295838114991773,0.00223253745792063,9,1.39499798593037,6.23516551293482,NA,NA,7.63016349886519,1.39499798593037,6.23516551293482,NA,0.160705460829148,1.55844681490499,0.666364502452008,0.295838114991773,12,0.177170536218506,9,0.0991202569392197,0.0533156166289678,4.30701144190181,51.6841373028218,445.270518544282,0.340793866472142,0.352272739734114,0.295838114991773,24653.1762493144,1044.6953177779,251.07914900643,8.64285714285714,0.063998138794563,0.160705460829148,140,8.15441006050808,1.50897184443028,0.254502455974991,1.06209983232714,186.396332506402,4.63443367218603e-05,2.86694483639397e-05,2.78583149938285e-05,4.73287262873261e-05,2.92784096268119e-05,2.84500471564003e-05
"141","W2","sheltered","CR3","Modern","W2-DS-CR3-2.tif",7.72754020957713,13,0.382366442982761,0.00445809670662488,11,2.71423276168602,5.01330744789111,1.19821755662805,23.9007395633014,7.72754020957713,2.71423276168602,5.01330744789111,1.19821755662805,0.239007395633014,1.56835979436836,0.929498317076794,0.382366442982761,13,0.193518847379739,11,0.058078316117415,0.0753407261786637,5.48487650163429,71.3033945212457,448.10279839096,0.345143102992801,0.492197496779653,0.382366442982761,29412.8033063662,1487.01970820196,387.11732162929,11,0.0623354514338968,0.198011904071954,141,7.92223089208147,2.74128452783002,0.330821327497904,1.24627019019652,289.958022403305,7.15690042764044e-05,4.20873148969344e-05,3.94712270442057e-05,7.26272175788731e-05,4.27096144096833e-05,4.00548453010928e-05
"142","BS","non-sheltered","CR4","Landrace","BS-WW-CR4-13.tif",7.89940188082933,16,0.500727331255847,0.00166130084861919,0,2.65089941366002,5.24850246716931,0.0345770573666065,0.658798535065852,7.89940188082933,2.65089941366002,5.24850246716931,0.0345770573666065,0.00658798535065852,1.58570416963783,0.918589946955005,0.500727331255847,16,0.199616169072775,8.27272727272727,0.0806401807638582,0.0459916724653935,4.40562915281032,70.4900664449652,453.058334182238,0.352819138172534,0.497404889856745,0.500727331255847,31295.4582034905,1683.47439839323,539.209212375689,8.27272727272727,0.056343910714854,0.0835746175092429,142,8.10837732350934,2.77616545711008,0.430270032457332,0.0318778060648422,398.625110367936,7.97916362303831e-05,4.53417295154274e-05,4.30477974727767e-05,8.00857661007242e-05,4.5508869301669e-05,4.32064813109245e-05
"143","BS","non-sheltered","CR4","Landrace","BS-WW-CR4-12.tif",7.91065169779798,14,0.484853055825095,0.0033226069484275,11,2.13846347996103,5.77218821783694,0.208861295192129,3.61840756589876,7.91065169779798,2.13846347996103,5.77218821783694,0.208861295192129,0.0361840756589876,1.58683289654761,0.825041857674257,0.484853055825095,14,0.209988789507269,11,0.0692537308066686,0.0650420983544483,4.53679435058519,63.5151209081926,453.380827585032,0.353321600357311,0.448825283323415,0.484853055825095,34632.3611303639,2061.61749038486,577.701722591083,8.27272727272727,0.056343910714854,0.0835746175092429,143,8.22152637898274,2.20808929146572,0.413990181095464,0.217643340597846,422.180174773445,6.55101502021341e-05,3.82183138849467e-05,3.63614647885482e-05,6.57048656480845e-05,3.83319099614115e-05,3.64695417630303e-05
"144","PM","sheltered","CR4","Modern","PM-DS-CR4-7.tif",7.92468975783044,11,0.303447256094233,0.00288011050989527,8,2.11383193671145,5.81085782111898,NA,NA,7.92468975783044,2.11383193671145,5.81085782111898,NA,0.160705460829148,1.58824025098751,0.820276540677767,0.303447256094233,11,0.187413263865655,8,0.0959954637887175,0.060556342313634,5.7418017157213,63.1598188729343,453.782928853573,0.353948596719439,0.447106585182581,0.303447256094233,27586.1141903848,1308.05181072062,288.218504943719,8.64285714285714,0.063998138794563,0.160705460829148,144,7.41096036016247,2.21219059290696,0.260105540905208,0.83602989704451,212.469402766723,6.63279870160584e-05,3.95922688956669e-05,3.80373434823886e-05,6.6466184775113e-05,3.96747614162969e-05,3.81165962362583e-05
"145","GBL","non-sheltered","CR3","Landrace","GBL-WW-CR3-1.tif",7.94617215458423,11,0.368846430864401,0.00356301979818087,8,1.99795683052807,5.94821532405616,0.629235628502448,10.5785617066963,7.94617215458423,1.99795683052807,5.94821532405616,0.629235628502448,0.105785617066963,1.59039150969895,0.797476903317906,0.368846430864401,11,0.206624354304877,8,0.0991143257976308,0.0673541216683744,5.58726162830755,61.459877911383,454.397574199701,0.354908087174906,0.436252154150644,0.368846430864401,33531.4937149456,1932.63432009289,425.615802574587,8.66666666666667,0.0754983075606398,0.133545056242431,145,7.62955426560188,2.2104846318064,0.314667135615127,0.57228924313434,310.910932951422,6.66828385779567e-05,3.95658674915976e-05,3.80766263646808e-05,6.67313885565805e-05,3.95946743339864e-05,3.81043489307187e-05
"146","PM","sheltered","CR3","Modern","PM-DS-CR3-2.tif",7.96768794018693,12,0.334342844570942,0.00165556872644858,11,2.15092654638379,5.81676139380314,NA,NA,7.96768794018693,2.15092654638379,5.81676139380314,NA,0.141100414976395,1.5925431992222,0.827442556416528,0.334342844570942,12,0.188347757089328,11,0.0695546038914243,0.0459122594906977,5.30784308386803,63.6941170064163,455.012342634913,0.355869068910988,0.453335322283619,0.334342844570942,27861.9037142452,1334.33679237571,320.694165492453,10.8571428571429,0.0564285498469519,0.141100414976395,146,8.43470270861152,2.30290172390056,0.285164481287945,0.862468041941129,233.558760261066,6.17925664936462e-05,3.70340849528867e-05,3.52633118060618e-05,6.17540071038681e-05,3.70109751874601e-05,3.52413070268148e-05
"147","BS","non-sheltered","CR3","Landrace","BS-WW-CR3-8.tif",8.00261781891469,11,0.312925944734017,0.00245828694898628,10,1.75567762573707,6.24694019317761,NA,NA,8.00261781891469,1.75567762573707,6.24694019317761,NA,0.0928987839113064,1.59603018991218,0.747562402227262,0.312925944734017,11,0.190317841185586,10,0.0848467787684917,0.0559462970692046,5.24893206455134,57.7382527100647,456.008625689194,0.357429178131296,0.41274672425791,0.312925944734017,28447.8131576379,1391.04654183812,306.442985928644,10.3333333333333,0.0588756405497597,0.0928987839113064,147,7.54681822089429,1.83496364556901,0.267768462438435,0.538721177818531,225.139334561457,6.06042972808085e-05,3.59305051687225e-05,3.4518299683309e-05,6.04341543525697e-05,3.58296324313623e-05,3.4421391628114e-05
"148","PM","sheltered","SR","Modern","PM-DS-SR-3.tif",8.02994506820212,3,0.0704793162654575,0.00339010607853771,11,1.28381621076949,6.74612885743263,NA,NA,8.02994506820212,1.28381621076949,6.74612885743263,NA,0.0670194084649602,1.59875292047318,0.639258470363078,0.0704793162654575,3,0.172951874380396,11,0.0872267681918271,0.0656994453556593,16.554370516757,49.6631115502711,456.786548706622,0.358649723267203,0.356233224281859,0.0704793162654575,23493.1054218192,948.690916163883,57.2776881941149,10,0.0646778613399488,0.0670194084649602,148,8.51777743775047,1.38714072529696,0.0617056273524476,0.479654553097108,44.0010442793563,4.65248005699533e-05,2.82438408643209e-05,2.73935764993819e-05,4.63151741100881e-05,2.81165827933383e-05,2.72701494584432e-05
"149","BS","non-sheltered","CR3","Landrace","BS-WW-CR3-11.tif",8.04092581985222,17,0.29806825465127,0.00211442423002792,7,2.42869315681442,5.6122326630378,0.630029063393711,11.2259968754162,8.04092581985222,2.42869315681442,5.6122326630378,0.630029063393711,0.112259968754162,1.59984567459785,0.879247998189901,0.29806825465127,17,0.149413025822459,7,0.102942525201136,0.0518861112824785,3.97392533794347,67.556730745039,457.098764170816,0.35914016790999,0.485246712464466,0.29806825465127,17533.4267441923,528.417866788193,180.14732142045,10.3333333333333,0.0588756405497597,0.0928987839113064,149,8.6142524643201,2.59304935047089,0.25548414957642,0.688429155900097,132.304177735609,6.73726735333856e-05,4.02332704499469e-05,3.87512587093394e-05,6.70233022622644e-05,4.00246346915412e-05,3.85503081487813e-05
"150","PM","non-sheltered","CR3","Modern","PM-WW-CR3-2.tif",8.04289310378347,12,0.543758284537233,0.00202296708979367,NA,3.26737091184328,4.77552219194019,1.09084769629287,22.8424798890879,8.04289310378347,3.26737091184328,4.77552219194019,1.09084769629287,0.228424798890879,1.60004137085693,1.01982178005231,0.543758284537233,12,0.240196889837303,11.1666666666667,0.0519599633556372,0.0507515684134304,6.50315932672502,78.0379119207003,457.154677387693,0.359228034742395,0.560668114693466,0.543758284537233,45313.1903781027,3529.33732113175,847.601625186313,11.1666666666667,0.0728647231297672,0.184533292544614,150,8.02451397277948,3.22747613389182,0.467131315107391,1.09731769002079,627.08551969603,8.49050701064359e-05,4.83332230800255e-05,4.47638162633903e-05,8.44544512856319e-05,4.8076702945684e-05,4.45262401319059e-05
"151","BS","non-sheltered","CR4","Landrace","BS-WW-CR4-7.tif",8.0701490588301,7,0.271239522787737,0.00293752615257495,NA,1.41910435480773,6.65104470402237,1.5932799012522,23.9553329161752,8.0701490588301,1.41910435480773,6.65104470402237,1.5932799012522,0.239553329161752,1.60275020773745,0.672097422745967,0.271239522787737,7,0.222117371324404,8.27272727272727,0.112496490493476,0.0611569657614909,7.44451197713418,52.1115838399393,457.928630782128,0.360445395590051,0.375667609040221,0.271239522787737,38748.503255391,2580.79643623241,361.687168681578,8.27272727272727,0.056343910714854,0.0835746175092429,151,8.49326942140192,1.60477455651347,0.232928858287876,1.63314227165474,268.332728642198,4.48188983123785e-05,2.85650282653283e-05,2.78585962678907e-05,4.4505682644195e-05,2.83654023318114e-05,2.76639072154315e-05
"152","BS","sheltered","CR2","Landrace","BS-DS-CR2-6.tif",8.09090988419748,16,0.395836770953983,0.0029923191502986,10,2.79022571812002,5.30068416607747,1.16695480625741,22.0151733190503,8.09090988419748,2.79022571812002,5.30068416607747,1.16695480625741,0.220151733190503,1.60481045745665,0.942420516946585,0.395836770953983,16,0.177481518410877,10,0.066238994051006,0.0617247039087956,4.51667960897109,72.2668737435374,458.517273559042,0.361372657758045,0.522305444651343,0.395836770953983,24739.7981846239,1052.04954340256,337.17815933347,12.6666666666667,0.0646040106242402,0.11500025198294,152,7.79892780885984,2.90975460830042,0.338270920463862,1.07696649869166,246.446825143425,7.64506667424214e-05,4.49435419556519e-05,4.2268193377939e-05,7.58189321249251e-05,4.45721600894617e-05,4.19189187134571e-05
"153","PM","sheltered","CR4","Modern","PM-DS-CR4-12.tif",8.11422903863517,11,0.352119451724147,0.00195492873097047,9,1.85075940915937,6.26346962947579,0.754326903069682,12.0432754957385,8.11422903863517,1.85075940915937,6.26346962947579,0.754326903069682,0.120432754957385,1.60712143964206,0.767538283659584,0.352119451724147,11,0.201884848007618,9,0.0932870173313863,0.0498908064417737,5.38433222087805,59.2276544296586,459.177554183446,0.362414185217431,0.429298842449286,0.352119451724147,32010.8592476497,1761.32115233035,387.919952355127,8.64285714285714,0.063998138794563,0.160705460829148,153,8.58987496556751,1.96011417274984,0.303180105971937,0.783656451509829,288.396083985016,5.53787816501246e-05,3.37770433025142e-05,3.26383810386018e-05,5.48421956463171e-05,3.34497647285536e-05,3.2322135394866e-05
"154","GBL","non-sheltered","CR3","Landrace","GBL-WW-CR3-5.tif",8.14086145381418,11,0.380967267979302,0.00508746833107853,9,2.06739022891027,6.07347122490391,0.846423177939819,13.9363989158146,8.14086145381418,2.06739022891027,6.07347122490391,0.846423177939819,0.139363989158146,1.60975671540814,0.811215599247148,0.380967267979302,11,0.209991902623317,9,0.0887267906845546,0.0804833266069251,5.68038500726067,62.4842350798673,459.930490116611,0.363603696260504,0.454389976661,0.380967267979302,34633.3879981184,2061.73974828695,454.037134599789,8.66666666666667,0.0754983075606398,0.133545056242431,154,8.64154232916847,2.19996675869928,0.327831937593285,0.894261927309765,336.990911023097,5.83148230037564e-05,3.56492176621808e-05,3.43084858267977e-05,5.76552484468044e-05,3.52460042811901e-05,3.39204369024711e-05
"155","PM","sheltered","CR5","Modern","PM-DS-CR5-2.tif",8.15270155093468,9,0.299872406588227,0.00340497939624016,9,1.44918056961468,6.70352098132,0.266239165749758,3.97163172147382,8.15270155093468,1.44918056961468,6.70352098132,0.266239165749758,0.0397163172147382,1.61092690795344,0.679182230460876,0.299872406588227,9,0.205969093270226,9,0.103527186388063,0.0658434082980326,5.84886967812921,52.6398271031629,460.26483084384,0.364132522736857,0.383357460790133,0.299872406588227,33319.1562875808,1908.23509280158,343.865674165074,7.66666666666667,0.0617222865759312,0.038948057130187,155,8.78399748234654,1.59988734301286,0.256014455128268,0.280281851606512,251.395712000604,5.1318755887415e-05,3.08596183794466e-05,3.00135835971139e-05,5.07014541285722e-05,3.04884149787905e-05,2.96525569583482e-05
"156","GBL","non-sheltered","CR3","Landrace","GBL-WW-CR3-2.tif",8.17736502886696,11,0.363598786355515,0.0039193748788309,8,2.32291947499504,5.85444555387192,0.801494519368694,13.6903573872784,8.17736502886696,2.32291947499504,5.85444555387192,0.801494519368694,0.136903573872784,1.61336174853067,0.859888500737033,0.363598786355515,11,0.205149247933736,8,0.0941841559742051,0.0706420773078559,6.01029878317756,66.1132866149532,460.960499580192,0.365234093103788,0.482936525578464,0.363598786355515,33054.4351232287,1878.03363760837,413.650336799419,8.66666666666667,0.0754983075606398,0.133545056242431,156,7.66808791592537,2.42712203192343,0.311194103225153,0.722642948527704,303.96632684142,7.00287714802922e-05,4.16678019136569e-05,3.99411046648272e-05,6.90819969538242e-05,4.11044618379729e-05,3.94011091793104e-05
"157","BS","non-sheltered","CR4","Landrace","BS-WW-CR4-11.tif",8.19432167052638,14,0.51171446461874,0.00223980137289871,9,2.28238107526653,5.91194059525985,1.0536188960002,17.8218789418315,8.19432167052638,2.28238107526653,5.91194059525985,1.0536188960002,0.178218789418315,1.61503362141431,0.852352309961161,0.51171446461874,14,0.215727190809789,9,0.0847423679392388,0.0534022816022569,4.68224201647887,65.5513882307042,461.438177546946,0.365991445089018,0.479824946122934,0.51171446461874,36551.0331870529,2296.37707414999,643.465405708119,8.27272727272727,0.056343910714854,0.0835746175092429,157,8.69033936539406,2.42319900886777,0.435825449338068,1.10069758436065,467.680914593103,6.04986992727616e-05,3.71311948533489e-05,3.56276863548296e-05,5.96189881883579e-05,3.6591270456919e-05,3.51096244630078e-05
"158","BS","non-sheltered","CR3","Landrace","BS-WW-CR3-12.tif",8.25211198093799,17,0.409188050048048,0.0015807126869465,9,2.53548345528638,5.71662852565162,0.937693882413606,16.4029178773117,8.25211198093799,2.53548345528638,5.71662852565162,0.937693882413606,0.164029178773117,1.62071861389578,0.898370441451126,0.409188050048048,17,0.175062074126033,9,0.0802609080494063,0.0448622993379169,4.057794124388,68.982500114596,463.062461113081,0.368572593360969,0.508501179275199,0.409188050048048,24069.885296944,995.845415779332,339.095942544248,10.3333333333333,0.0588756405497597,0.0928987839113064,158,8.73938302284296,2.68544234184975,0.351056657638979,0.986451586057564,250.036350292903,6.57971063575059e-05,3.98572456582226e-05,3.80513561905159e-05,6.46129107678257e-05,3.91399075085962e-05,3.73665198705519e-05
"159","W2","sheltered","CR3","Modern","W2-DS-CR3-1.tif",8.27473516022689,13,0.416622232721472,0.0019112399879843,11,2.40894842485617,5.86578673537072,0.921024789741903,15.7016412510895,8.27473516022689,2.40894842485617,5.86578673537072,0.921024789741903,0.157016412510895,1.6229386947919,0.875666659716236,0.416622232721472,13,0.20200150454825,11,0.0679338213705148,0.0493301766891298,5.17613124218789,67.2897061484426,463.696769940543,0.369583035764058,0.497382677480257,0.416622232721472,32047.8640554978,1765.39570859666,459.500266912613,11,0.0623354514338968,0.198011904071954,159,8.53683574911304,2.45245839578596,0.355807208079692,0.962436568124414,335.851785324379,6.45288179489825e-05,3.87530145710568e-05,3.68184271199477e-05,6.32807658195275e-05,3.8003492359191e-05,3.61063217718138e-05
"160","BS","non-sheltered","CR3","Landrace","BS-WW-CR3-4.tif",8.30196499635786,13,0.348905250262317,0.00264730664186933,10,2.11051931503382,6.19144568132404,0.124047281289257,2.00352692527748,8.30196499635786,2.11051931503382,6.19144568132404,0.124047281289257,0.0200352692527748,1.62560681995755,0.81963355406981,0.348905250262317,13,0.184857525595275,10,0.0805973265887736,0.0580573466795382,4.85475983011116,63.111877791445,464.459091416442,0.37079923003563,0.468036713823412,0.348905250262317,26838.8654047936,1238.14694916767,322.386243497419,10.3333333333333,0.0588756405497597,0.0928987839113064,160,7.83061205153745,2.1775897500971,0.300172491349963,0.110340816742385,238.904845084085,7.01361952292946e-05,4.05818557889617e-05,3.87808451567831e-05,6.8666801980395e-05,3.97316427893946e-05,3.79683643560539e-05
"161","W2","non-sheltered","CR3","Modern","W2-WW-CR3-1.tif",8.30373621435231,14,0.515880082589867,0.00211570602113982,10,2.39464885128285,5.90908736306946,NA,NA,8.30373621435231,2.39464885128285,5.90908736306946,NA,0.0378340786425547,1.62578022170609,0.873063802537929,0.515880082589867,14,0.216603476013307,10,0.0752716419168161,0.0519018359130918,4.79254550837343,67.095637117228,464.508634773169,0.370878339772765,0.497686370000669,0.515880082589867,36848.5773278476,2333.91662266847,653.994340717172,9.33333333333333,0.0610204702236097,0.0378340786425547,161,7.97539293731591,2.52386126714741,0.439686395155494,0.20436048488583,476.361376088161,7.56289489111015e-05,4.35552328783405e-05,4.13573124050886e-05,7.4036581939808e-05,4.26381777657011e-05,4.04865344920868e-05
"162","PM","non-sheltered","SR","Modern","PM-WW-SR-6.tif",8.34151905304513,5,0.123812507852603,0.00425974684570231,10,1.12018333987541,7.22133571316972,NA,NA,8.34151905304513,1.12018333987541,7.22133571316972,NA,0.0254878349035259,1.62947475597958,0.597131000217474,0.123812507852603,5,0.177562935958362,10,0.103234375576211,0.073645625358938,9.30441747524297,46.5220873762148,465.564215994166,0.37256587368817,0.346650842582337,0.123812507852603,24762.5015705206,1053.98133331469,105.744784174051,9.75,0.0692385323611717,0.0254878349035259,162,7.93500523066171,1.25924011320245,0.106529191027958,0.169261558400381,78.5660905586098,5.02039517878075e-05,2.96914692331956e-05,2.89179981324121e-05,4.90354763733258e-05,2.90004130397416e-05,2.8244944146611e-05
"163","GBL","non-sheltered","CR3","Landrace","GBL-WW-CR3-4.tif",8.3794009169383,11,0.433294498188888,0.00400368895214318,8,2.16129070317621,6.21811021376209,0.928778179819681,14.9366631965462,8.3794009169383,2.16129070317621,6.21811021376209,0.928778179819681,0.149366631965462,1.63317058268847,0.829433660842206,0.433294498188888,11,0.223949606671247,8,0.100467115230782,0.0713978648048244,5.80387034112681,63.8425737523949,466.620166482419,0.37425783046829,0.477871662881661,0.433294498188888,39390.4089262625,2667.01136236366,587.220371382887,8.66666666666667,0.0754983075606398,0.133545056242431,163,7.778506764661,2.24018375276757,0.372986450818815,0.830368770037363,436.290720638528,6.60844998161893e-05,3.97478561829437e-05,3.82817676731354e-05,6.44003444526179e-05,3.87348869485972e-05,3.73061615244464e-05
"164","GBL","non-sheltered","CR5","Landrace","GBL-WW-CR5-5(yellowx10).tif",8.64772137249952,9,0.432409007876023,0.0145706645762788,5,2.63830534621421,6.00941602628531,NA,NA,8.64772137249952,2.63830534621421,6.00941602628531,NA,0.0340597762993061,1.65911277670611,0.916405300329244,0.432409007876023,9,0.247332490638154,5,0.148541495275373,0.136205529739398,7.81413102139427,70.3271791925484,474.032221916031,0.386242103874472,0.543266353017738,0.432409007876023,48045.4453195581,3967.78684592083,714.744898618767,5,0.0890170165055949,0.0340597762993061,164,9.41823895969625,2.83787492694088,0.374802262607888,0.225490514789064,539.318205355646,7.67106004158305e-05,4.44465037222901e-05,4.33323295979672e-05,7.35867471767971e-05,4.26365276060305e-05,4.15677255219243e-05
"165","GBL","non-sheltered","CR3","Landrace","GBL-WW-CR3-7.tif",8.69908354554933,11,0.338246864434362,0.00560723405922455,9,2.10596080635437,6.59312273919496,0.836444155664354,12.6866158685601,8.69908354554933,2.10596080635437,6.59312273919496,0.836444155664354,0.126866158685601,1.66403253973205,0.81874791271684,0.338246864434362,11,0.197868019300401,9,0.093920514112801,0.084494687056587,5.73144039746978,63.0458443721676,475.437868494871,0.388536145613769,0.489911787386551,0.338246864434362,30749.7149485783,1625.27208262575,358.049769965051,8.66666666666667,0.0754983075606398,0.133545056242431,165,9.30644017857194,2.27530579754843,0.28872375755722,0.900521637394333,261.347777569174,5.83456213244757e-05,3.58950230669192e-05,3.46578646017811e-05,5.58041613961076e-05,3.43314822101839e-05,3.31482127703542e-05
"166","W2","non-sheltered","CR3","Modern","W2-WW-CR3-2.tif",8.71787670047673,13,0.289639298271108,0.00289712157464933,10,2.49346893029416,6.22440777018257,0.696030318427432,11.1822737861375,8.71787670047673,2.49346893029416,6.22440777018257,0.696030318427432,0.111822737861375,1.66582902492815,0.890896072168214,0.289639298271108,13,0.168427160304735,10,0.0774932952759935,0.0607349138037499,5.26347778006631,68.425211140862,475.951149979471,0.389375523686319,0.532862048426402,0.289639298271108,22279.9460208545,853.241863891826,222.375746660301,9.33333333333333,0.0610204702236097,0.0378340786425547,166,8.33288900818265,2.60868125776374,0.246757046029849,0.646054726102761,161.401931372724,7.18490569839245e-05,4.25643684539867e-05,4.05168763389507e-05,6.86452955517213e-05,4.06664161667426e-05,3.87102220665484e-05
"167","PM","sheltered","SR","Modern","PM-DS-SR-4.tif",8.75249304879264,4,0.249949918882017,0.00741066794247742,10,1.19351232353748,7.55898072525516,NA,NA,8.75249304879264,1.19351232353748,7.55898072525516,NA,0.0670194084649602,1.66913302830709,0.616365777654929,0.249949918882017,4,0.282066535113584,10,0.105276725065216,0.0971367874559552,11.9890580954879,47.9562323819515,476.895150944883,0.390921629374287,0.374942570028089,0.249949918882017,62487.4797205042,6711.65933423508,537.307689308835,10,0.0646778613399488,0.0670194084649602,167,8.27121220197244,1.31596863303027,0.215081848232351,0.465638510486629,401.033748811728,4.93522787826988e-05,2.97719053359455e-05,2.90168763570936e-05,4.70583170299034e-05,2.83880662542849e-05,2.76681320601615e-05
"168","W2","non-sheltered","CR3","Modern","W2-WW-CR3-4.tif",8.77022211069523,13,0.435623208399392,0.00367204758649699,10,2.44673190124403,6.32349020945121,0.072181695239347,1.14148504778995,8.77022211069523,2.44673190124403,6.32349020945121,0.072181695239347,0.0114148504778995,1.67082267217738,0.882507197141891,0.435623208399392,13,0.206556510341604,10,0.078831547503549,0.0683768688759385,5.21536435529995,67.7997366188994,477.377906336395,0.391713480761955,0.531161416514658,0.435623208399392,33509.477569184,1930.09729082905,502.356457032067,9.33333333333333,0.0610204702236097,0.0378340786425547,168,8.50661322901668,2.63518336964875,0.372969261917311,0.0671227614768193,369.193613314862,7.60492051886361e-05,4.40679216906945e-05,4.19689856698244e-05,7.24410024207302e-05,4.19770911997535e-05,3.99777405294651e-05
"169","GBL","sheltered","CR4","Landrace","GBL-DS-CR4-3.tif",8.7705827997576,9,0.397019953756419,0.00769538378207911,9,1.81140147094193,6.95918132881567,0.848202778625396,12.1882551775633,8.7705827997576,1.81140147094193,6.95918132881567,0.848202778625396,0.121882551775633,1.67085702941824,0.759333257567898,0.397019953756419,9,0.236995430141502,9,0.101280419094483,0.0989851854736695,6.5128764093625,58.6158876842625,477.387722690926,0.391729590589769,0.459231553692241,0.397019953756419,44113.3281951577,3344.90307011714,602.541784174778,9,0.0759345284397249,0.0900998520651844,169,9.46472492215947,2.00011102189873,0.337702554484747,0.921114640298095,437.69635091578,5.31896864332783e-05,3.3023656780287e-05,3.20542272181952e-05,5.06650262010248e-05,3.14561816062913e-05,3.05327662328046e-05
"170","BS","sheltered","CR2","Landrace","BS-DS-CR2-4.tif",8.78002893436245,16,0.516339131175294,0.00202245195540627,NA,3.77272326465602,5.00730566970644,1.07011398979224,21.3710538237419,8.78002893436245,3.77272326465602,5.00730566970644,1.07011398979224,0.213710538237419,1.67175656445169,1.09585360015633,0.516339131175294,16,0.202704125560289,12.6666666666667,0.0454660234970015,0.050745106236466,5.23167777672851,83.7068444276562,477.644732700481,0.392151493047781,0.656515280412474,0.516339131175294,32271.1956984559,1790.0864331782,573.484173897437,12.6666666666667,0.0646040106242402,0.11500025198294,170,8.73926669165256,3.87622126245622,0.440322016823841,1.03874118037658,417.419431304384,9.91189414722167e-05,5.47791485546152e-05,5.0195982154884e-05,9.43634367873031e-05,5.21509677677968e-05,4.77876914209853e-05
"171","W2","sheltered","CR4","Modern","W2-DS-CR4-1.tif",8.91219771368573,13,0.341667875651325,0.00148844215767374,8,2.56006718213496,6.35213053155077,0.561241506300321,8.83548446482102,8.91219771368573,2.56006718213496,6.35213053155077,0.561241506300321,0.0883548446482102,1.68429232613901,0.902715178430184,0.341667875651325,13,0.182930220080883,8,0.0976971434636028,0.0435332449422408,5.33126490028881,69.3064437037545,481.226378896859,0.398054683633301,0.551755090444944,0.341667875651325,26282.1442808712,1187.31369547247,309.253315913287,10.4,0.0624063486953927,0.104519799574743,171,8.53042580449202,2.76666022923123,0.295204707854652,0.496770356227385,230.989217116927,7.56988498641738e-05,4.47070879580797e-05,4.29046142944329e-05,7.1530612324717e-05,4.22453628111187e-05,4.05421395112776e-05
"172","W2","non-sheltered","CR3","Modern","W2-WW-CR3-3.tif",8.99731549551834,13,0.421716822402432,0.00391585405431584,7,2.20455167685417,6.79276381866417,NA,NA,8.99731549551834,2.20455167685417,6.79276381866417,NA,0.0378340786425547,1.69231630357274,0.837693615438089,0.421716822402432,13,0.203232821199051,7,0.122088955447807,0.0706103408387641,4.95834122823569,64.4584359670639,483.518943877926,0.40185638696254,0.518060683739611,0.421716822402432,32439.7555694179,1808.83533614263,470.815248080824,9.33333333333333,0.0610204702236097,0.0378340786425547,172,9.82823139064437,2.44578297405566,0.357370150853288,0.268235191722371,339.329964105651,6.50619464511867e-05,3.89497999246366e-05,3.78873202743082e-05,6.11879136484457e-05,3.66305824588411e-05,3.56313668398264e-05
"173","PM","sheltered","CR5","Modern","PM-DS-CR5-3.tif",9.06942388917293,13,0.292660305379428,0.00286223709609479,8,2.07682888282539,6.99259500634754,NA,NA,9.06942388917293,2.07682888282539,6.99259500634754,NA,0.038948057130187,1.69908424921049,0.813065289700255,0.292660305379428,13,0.16930324954475,8,0.11075236993878,0.0603681493600377,4.81708830769623,62.622148000051,485.45264263157,0.405077038562247,0.507335885205347,0.292660305379428,22512.3311830329,871.133721128172,227.00210337853,7.66666666666667,0.0617222865759312,0.038948057130187,173,8.62194956121336,2.28319689079405,0.25189467549033,0.246139276044015,168.209834994877,6.99532778598568e-05,4.11348364463616e-05,3.98206286074927e-05,6.55259441199008e-05,3.85314180668627e-05,3.73003862689792e-05
"174","W2","sheltered","CR4","Modern","W2-DS-CR4-2.tif",9.34218675546492,13,0.346172145640269,0.00247949615141047,11,3.25451401539356,6.08767274007137,0.838637480214063,13.775994801656,9.34218675546492,3.25451401539356,6.08767274007137,0.838637480214063,0.13775994801656,1.72444495500429,1.01781333545178,0.346172145640269,13,0.184132073234031,11,0.0642392381411376,0.0561871208640775,5.99139709932958,77.8881622912846,492.698558572655,0.417259727943345,0.649991868153371,0.346172145640269,26628.626587713,1218.82519267515,317.544541963693,10.4,0.0624063486953927,0.104519799574743,174,9.75178263013798,3.38842021073227,0.295126540328032,0.867174791845611,230.90564236318,7.70631918065545e-05,4.58666479649578e-05,4.32443298532731e-05,7.11242644820835e-05,4.23319035234771e-05,3.99116761417745e-05
"175","GBL","sheltered","CR4","Landrace","GBL-DS-CR4-4.tif",9.42070556078155,17,0.235294982933139,0.00343424194300941,8,2.10727247318503,7.31343308759652,0.78903639724756,10.7888646521666,9.42070556078155,2.10727247318503,7.31343308759652,0.78903639724756,0.107888646521666,1.73167656183924,0.819002845598086,0.235294982933139,17,0.132750734339003,8,0.114084214530145,0.0661257336294102,3.70969718634078,63.0648521677933,494.764731954069,0.420766694374484,0.530711787557158,0.235294982933139,13840.8813490082,329.284568453353,112.487465061697,9,0.0759345284397249,0.0900998520651844,175,8.88236151203496,2.28686387300429,0.201792368597524,0.727412964530792,82.57190845205,6.57736391075109e-05,3.96862037632367e-05,3.84908328273457e-05,6.04512414141837e-05,3.64747992821633e-05,3.53761576682041e-05
"176","W2","sheltered","CR4","Modern","W2-DS-CR4-4.tif",9.63722305305026,13,0.173989854460156,0.00328697736595173,10,2.80867632586695,6.82854672718331,0.816838900569898,11.9621192210371,9.63722305305026,2.80867632586695,6.82854672718331,0.816838900569898,0.119621192210371,1.75146320918946,0.945531301234293,0.173989854460156,13,0.130540522173528,10,0.0805931907955164,0.0646924227787085,5.57683183230991,72.4988138200289,500.418059768416,0.430437238571877,0.624123784408597,0.173989854460156,13383.8349584735,307.896698558698,80.67726540967,10.4,0.0624063486953927,0.104519799574743,176,9.33539598556884,3.00246602648113,0.149406390877171,0.76888175554912,59.2493876933938,7.41123651119043e-05,4.45416031897005e-05,4.24834895740043e-05,6.73456866801647e-05,4.04748229005577e-05,3.8604621153446e-05
"177","GBL","non-sheltered","CR3","Landrace","GBL-WW-CR3-8.tif",9.7292365697845,11,0.341689809541039,0.0039708051105584,9,2.13167411888038,7.59756245090412,1.44332070680355,18.9971548918534,9.7292365697845,2.13167411888038,7.59756245090412,1.44332070680355,0.189971548918534,1.75980458721509,0.82373111277998,0.341689809541039,11,0.198872498565076,9,0.104008163826123,0.0711040511588435,5.76521743353412,63.4173917688753,502.801310632883,0.434546933225238,0.551156662126165,0.341689809541039,31062.7099582763,1658.52709255193,365.427117023551,8.66666666666667,0.0754983075606398,0.133545056242431,177,10.2524756136464,2.23483603844021,0.29179968257814,1.53383681085929,267.456292764266,5.24210788761286e-05,3.35515297360804e-05,3.26126752734031e-05,4.74090923842232e-05,3.03436634077784e-05,2.94945729481641e-05
"178","W2","sheltered","CR4","Modern","W2-DS-CR4-5.tif",9.7722489591263,13,0.349087493593769,0.00425232432570129,10,2.93083078109668,6.84141817802962,0.517300989222789,7.56131222739809,9.7722489591263,2.93083078109668,6.84141817802962,0.517300989222789,0.0756131222739809,1.76369029422378,0.965873911209344,0.349087493593769,13,0.184905797516147,10,0.0797816383014435,0.0735814344010918,5.69350452459759,74.0155588197687,503.911512635365,0.436468039958034,0.64610851768926,0.349087493593769,26852.8841225976,1239.44072709096,322.900697561338,10.4,0.0624063486953927,0.104519799574743,178,9.42550019264563,3.09899969058716,0.298115590704591,0.478120296283533,235.649200538804,7.81354366039571e-05,4.6389188766415e-05,4.41838099306035e-05,7.0509210187814e-05,4.18614805693385e-05,3.98713525731751e-05
"179","W2","sheltered","CR4","Modern","W2-DS-CR4-3.tif",9.92300660831247,13,0.31326732524088,0.00430520279007866,13,3.20308705466872,6.71991955364375,0.680391120484483,10.1249890724593,9.92300660831247,3.20308705466872,6.71991955364375,0.680391120484483,0.101249890724593,1.7772425563476,1.00973970695837,0.31326732524088,13,0.175162418381012,13,0.0590386807222484,0.0740375204908451,5.94509173467815,77.286192550816,507.783587527885,0.443201484421451,0.685067105276075,0.31326732524088,24097.4865569908,998.13062383642,260.199029302745,10.4,0.0624063486953927,0.104519799574743,179,10.313555860399,3.32746321129496,0.26867958069727,0.706872981621583,191.316775941557,7.65335041391099e-05,4.54594577641408e-05,4.28411473731011e-05,6.85369898013012e-05,4.07096790902254e-05,3.83649398209878e-05
"180","GBL","non-sheltered","CR3","Landrace","GBL-WW-CR3-9.tif",9.93451849820683,11,0.391936402814281,0.00726163855378209,9,2.00018681534157,7.93433168286526,1.57404954507186,19.8384641326645,9.93451849820683,2.00018681534157,7.93433168286526,1.57404954507186,0.198384641326645,1.77827316587047,0.797921824201904,0.391936402814281,11,0.212993582294352,9,0.108927926852063,0.0961551109730981,5.590277382954,61.493051212494,508.078047391563,0.443715651839762,0.545708586047353,0.391936402814281,35630.5820740255,2182.17573128373,480.624369468467,8.66666666666667,0.0754983075606398,0.133545056242431,180,10.5068418040165,2.11368268842444,0.335323064040024,1.68307442602334,352.949006038787,5.03638089620408e-05,3.23576747031346e-05,3.15346250398619e-05,4.50754659243874e-05,2.89600269227623e-05,2.82233998126307e-05
"181","PM","sheltered","SR","Modern","PM-DS-SR-2.tif",9.99072020062856,3,0.08291703210209,0.00243810507554543,12,2.23872949333303,7.75199070729554,0.711026525550445,9.17217979739431,9.99072020062856,2.23872949333303,7.75199070729554,0.711026525550445,0.0917217979739431,1.78329610832194,0.844162146876494,0.08291703210209,3,0.187592860742314,12,0.0782611634537872,0.055716171767306,21.6469098903705,64.9407296711114,509.513173806268,0.44622584647366,0.579564641362176,0.08291703210209,27639.0107006967,1313.0730118234,79.3639453507661,10,0.0646778613399488,0.0670194084649602,181,9.56422851739301,2.34271528711216,0.0715087246646957,0.668541575455964,59.0469898225414,6.28432226084629e-05,3.84867769432325e-05,3.693593541854e-05,5.60860839166683e-05,3.43485345232684e-05,3.29644452884232e-05
"182","PM","non-sheltered","CR3","Modern","PM-WW-CR3-1.tif",10.1806687443773,12,0.552351183984577,0.00200613909271798,NA,3.56350457138846,6.61716417298883,1.70446518535678,25.7582423648242,10.1806687443773,3.56350457138846,6.61716417298883,1.70446518535678,0.257582423648242,1.80016874467301,1.06503461658956,0.552351183984577,12,0.242087341337524,11.1666666666667,0.0658329069925477,0.0505400398207961,6.78408175107648,81.4089810129178,514.333927049432,0.454709714304868,0.740349089964686,0.552351183984577,46029.2653320481,3641.76546847042,874.764061522864,11.1666666666667,0.0728647231297672,0.184533292544614,182,10.2934209053807,3.58998955443233,0.473867443931487,1.71907805332985,645.883377939459,7.31545733087696e-05,4.52849397646196e-05,4.28266164269688e-05,6.46767809202462e-05,4.00369244965816e-05,3.78634931887496e-05
"183","GBL","non-sheltered","CR5","Landrace","GBL-WW-CR5-6(yellowx10).tif",10.1848329977279,9,0.468027745149667,0.0220022943259473,4,2.49176366016572,7.69306933756223,NA,NA,10.1848329977279,2.49176366016572,7.69306933756223,NA,0.0340597762993061,1.80053687335408,0.890591380524343,0.468027745149667,9,0.257317666439707,5,0.181989098565948,0.167374404287807,7.60027703687722,68.402493331895,514.439106672595,0.454895706649666,0.622320010816229,0.468027745149667,52003.0827944075,4648.38473949576,837.331573120053,5,0.0890170165055949,0.0340597762993061,183,11.5437235035715,2.89402880339742,0.399641669168255,0.296781216659389,615.24973204339,7.38656050125065e-05,4.34016589131864e-05,4.26652102686345e-05,6.52920600304863e-05,3.83640493935257e-05,3.77130799862987e-05
"184","PM","non-sheltered","CR3","Modern","PM-WW-CR3-3.tif",10.3021515558231,12,0.544512681255738,0.00266651410858211,NA,3.43211527564676,6.87003628017637,1.74250830040627,25.3638878943669,10.3021515558231,3.43211527564676,6.87003628017637,1.74250830040627,0.253638878943669,1.81087732582365,1.04521587376043,0.544512681255738,12,0.24036345368084,11.1666666666667,0.068566697199692,0.0582675828367797,6.66094129563144,79.9312955475773,517.393521663901,0.460135626479449,0.73558473504197,0.544512681255738,45376.0567713115,3539.13714405557,850.128499308378,11.1666666666667,0.0728647231297672,0.184533292544614,184,10.6071239964939,3.56606703436473,0.463767624429864,1.78991935535042,618.780627384823,7.0549704529349e-05,4.40995564813791e-05,4.18408783745048e-05,6.20049411928637e-05,3.87583537663401e-05,3.67732398083917e-05
"185","BS","sheltered","CR2","Landrace","BS-DS-CR2-1.tif",10.7237045308701,18,0.561567659637013,0.00433053334851095,NA,4.07495693850166,6.64874759236839,0.322280724911577,4.84723958060161,10.7237045308701,4.07495693850166,6.64874759236839,0.322280724911577,0.0484723958060161,1.84755545754108,1.13890257673706,0.561567659637013,18,0.199305760536449,12.6666666666667,0.0559462800634757,0.07425500864668,4.82869867341751,86.9165761215151,527.872987868881,0.478963882035237,0.832598014247441,0.561567659637013,31198.2033131674,1673.02740532918,603.122463932752,12.6666666666667,0.0646040106242402,0.11500025198294,185,10.6617459407508,4.20105217036511,0.480070461512382,0.314724534186065,441.239353213295,9.57811833098609e-05,5.49635712094997e-05,5.12258923707396e-05,8.25092893246282e-05,4.73475587012561e-05,4.41277903286718e-05
"186","W2","non-sheltered","CR3","Modern","W2-WW-CR3-6.tif",10.7529282967794,13,0.444577262729843,0.00181525510082907,9,2.4698216324689,8.28310666431051,0.128327653728964,1.54926960293642,10.7529282967794,2.4698216324689,8.28310666431051,0.128327653728964,0.0154926960293642,1.85007118303332,0.886661515306399,0.444577262729843,13,0.208668554189459,9,0.107045518636325,0.0480755091305103,5.23919096778808,68.1094825812451,528.591766580949,0.480269133250182,0.654217643308259,0.444577262729843,34198.2509792187,2010.25743773204,523.321151453638,9.33333333333333,0.0610204702236097,0.0378340786425547,186,11.3362726712089,2.59343073109974,0.379866509577336,0.137992784584291,382.849206646116,6.36598908750713e-05,3.90577378442676e-05,3.79403224042051e-05,5.47643053001153e-05,3.3599961455054e-05,3.26386893029114e-05
"187","BS","non-sheltered","CR3","Landrace","BS-WW-CR3-1.tif",11.4205966925921,14,0.339426735203191,0.00292915835397048,11,2.31386751968224,9.10672917290982,0.420541372234796,4.61791895037132,11.4205966925921,2.31386751968224,9.10672917290982,0.420541372234796,0.0461791895037132,1.90664334194153,0.858211458111824,0.339426735203191,14,0.175696886264192,11,0.0953119894390639,0.0610697981744379,4.71344616548697,65.9882463168176,544.755240554722,0.510089895828086,0.673198753792472,0.339426735203191,24244.7668002279,1010.36875969236,283.576451467652,10.3333333333333,0.0588756405497597,0.0928987839113064,187,12.0007600164771,2.44003770469098,0.291459361111503,0.43255645631504,209.168064255789,5.75504623301864e-05,3.61581749743871e-05,3.50968736403505e-05,4.80396115811889e-05,3.01826364363213e-05,2.92967268920122e-05
"188","W2","non-sheltered","CR3","Modern","W2-WW-CR3-5.tif",11.5680572451018,13,0.39203465174346,0.00346522523018351,10,2.66191983956049,8.90613740554129,0.112271037113673,1.26060302015798,11.5680572451018,2.66191983956049,8.90613740554129,0.112271037113673,0.0126060302015798,1.91891296964086,0.920497366188994,0.39203465174346,13,0.195950154867988,10,0.0998415603451871,0.0664233527796035,5.43325258638857,70.6322836230514,548.260848468818,0.516676078660129,0.729880226583365,0.39203465174346,30156.5116725738,1563.16957711949,407.15397027765,9.33333333333333,0.0610204702236097,0.0378340786425547,188,11.0393792002849,2.83572651192832,0.337625213552381,0.0992755299278816,302.651486213474,7.14403881060956e-05,4.34737015216864e-05,4.20384623907438e-05,5.92527701014837e-05,3.60571563231082e-05,3.48667667336773e-05
"189","BS","sheltered","CR2","Landrace","BS-DS-CR2-5.tif",11.7319813168754,16,0.534279650501226,0.00319091726321545,NA,3.81932874013302,7.91265257674243,0.742320980372944,9.38144286221841,11.7319813168754,3.81932874013302,7.91265257674243,0.742320980372944,0.0938144286221841,1.93246103134966,1.1026015130455,0.534279650501226,16,0.206195595698211,12.6666666666667,0.0655152251292757,0.0637401133000563,5.26312305079202,84.2099688126724,552.131723242759,0.523997588642964,0.88251641195079,0.534279650501226,33392.4781563266,1916.6428273862,614.208221175534,12.6666666666667,0.0646040106242402,0.11500025198294,189,11.7274746379733,4.00397139709646,0.458969137023363,0.724378706441466,453.920278105426,8.19840988266338e-05,4.9748262689071e-05,4.70604248780511e-05,6.75210230453144e-05,4.09720133485431e-05,3.87583455595769e-05
"190","BS","sheltered","CR2","Landrace","BS-DS-CR2-3.tif",11.8382805654684,18,0.636412674067571,0.00410987417491716,14,4.07338251903137,7.76489804643708,0.520033931626028,6.6972409491538,11.8382805654684,4.07338251903137,7.76489804643708,0.520033931626028,0.066972409491538,1.94119595595242,1.13868253961142,0.636412674067571,18,0.212172071598277,14,0.0573223868815001,0.0723384705629745,4.82778723074598,86.9001701534276,554.627415986407,0.528745341680822,0.918961203197913,0.636412674067571,35356.2596704206,2148.70362675776,774.452266835992,12.6666666666667,0.0646040106242402,0.11500025198294,190,11.4435125435575,4.14588914261252,0.546752985105494,0.490368141154356,572.799513652478,9.02709213737454e-05,5.32576166216874e-05,4.99556964670921e-05,7.40114016312299e-05,4.36649010968905e-05,4.09577199249579e-05
"191","BS","sheltered","CR2","Landrace","BS-DS-CR2-2.tif",12.0167005737947,19,0.567391144797,0.00330002168215671,14,3.69207274333099,8.32462783046369,0.390258607218269,4.68800065499782,12.0167005737947,3.69207274333099,8.32462783046369,0.390258607218269,0.0468800065499782,1.95576956514546,1.08407714426233,0.567391144797,19,0.194993231041503,14,0.0622637443487955,0.0648206610904685,4.35941009874732,82.8287918761992,558.791304327276,0.536714298637319,0.889107938776215,0.567391144797,29862.6918314211,1532.85753229555,583.374970211085,12.6666666666667,0.0646040106242402,0.11500025198294,191,11.5558139907316,3.7484087204193,0.483893140495494,0.366665411922973,424.473663483338,8.29569650832385e-05,4.9772225524751e-05,4.70377479515692e-05,6.75080095947662e-05,4.05032160338355e-05,3.8277976259673e-05
"192","GBL","non-sheltered","CR4","Landrace","GBL-WW-CR4-2.tif",12.6437996322858,16,0.594300113149935,0.00391369614112868,9,3.49380841634511,9.14999121594065,1.34044560919167,14.6496928527802,12.6437996322858,3.49380841634511,9.14999121594065,1.34044560919167,0.146496928527802,2.00615214325423,1.05456804396624,0.594300113149935,16,0.217469308970122,9,0.105731566587554,0.0705908825059047,5.03928708488268,80.6285933581228,573.186326644065,0.56472307103597,0.910656537090191,0.594300113149935,37143.757071871,2371.45860215946,759.777409228118,10.8333333333333,0.0878106215289254,0.156299140170473,192,13.2552186281995,3.62751460320167,0.51016202812531,1.4073459301506,560.901007288367,6.65767169637047e-05,4.28975075710414e-05,4.15926973848573e-05,5.28175972855957e-05,3.40320668061518e-05,3.29969160493852e-05
"193","GBL","sheltered","CR3","Landrace","GBL-DS-CR3-1.tif",12.7743352981784,22,0.415452491951876,0.00233376860699155,NA,3.14864204584185,9.62569325233658,NA,NA,12.7743352981784,3.14864204584185,9.62569325233658,NA,0.061433540487911,2.01648139461706,1.00112131694686,0.415452491951876,22,0.155061650746917,13,0.078104621359246,0.0545109757634473,3.48380024507082,76.643605391558,576.137541319159,0.570553320191011,0.874585270551261,0.415452491951876,18884.2041796307,612.972882492788,270.582653567378,13,0.0640588242778417,0.061433540487911,193,13.3013452580146,3.28263653558206,0.358771364891695,0.608105051103077,201.525737802096,6.5401217912431e-05,4.13450380491435e-05,3.97728535897205e-05,5.16192569035348e-05,3.26324219772596e-05,3.13915430440972e-05
"194","PM","sheltered","CR4","Modern","PM-DS-CR4-8.tif",12.7857812995372,14,0.398594337282569,0.0033866909313483,7,3.139426312801,9.64635498673616,NA,NA,12.7857812995372,3.139426312801,9.64635498673616,NA,0.160705460829148,2.01738459155078,0.99965515669659,0.398594337282569,14,0.190395466733187,7,0.145389919264884,0.0656663446492083,5.46673489166413,76.5342884832978,576.395597585937,0.57106454476166,0.874120372227439,0.398594337282569,28471.0240916121,1393.31741314525,391.002996052897,8.64285714285714,0.063998138794563,0.160705460829148,194,14.0217926166507,3.5134341388323,0.337693025850405,1.64844690832835,281.092250643192,6.3968301229344e-05,4.13987882754348e-05,4.05589133563867e-05,5.04656939707036e-05,3.26602166966358e-05,3.19976249156474e-05
"195","GBL","non-sheltered","CR2","Landrace","GBL-WW-CR2-12.tif",12.9161540502098,20,0.295575777136656,0.00474023878657184,13,3.02850354291867,9.88765050729113,NA,NA,12.9161540502098,3.02850354291867,9.88765050729113,NA,0.0811774624551921,2.0276438359965,0.981836349934982,0.295575777136656,20,0.137174846075404,13,0.0804467296970396,0.0776882196639277,3.76028591255761,75.2057182511522,579.326810284713,0.576887517466104,0.867704802023249,0.295575777136656,14778.7888568328,375.423605303022,151.037146923232,12.5,0.0716059110020947,0.0811774624551921,195,13.4776289743877,3.17095630134433,0.253347872638802,0.841765037037765,110.627054713281,6.28344229539957e-05,4.00543783926591e-05,3.86110760585309e-05,4.93203433064491e-05,3.14397045501432e-05,3.03068196875526e-05
"196","GBL","sheltered","CR2","Landrace","GBL-DS-CR2-1.tif",13.1519750585986,15,0.603751465061891,0.00388001140334665,10,3.61798562591305,9.53398943268559,0.694922851286148,7.28889890420613,13.1519750585986,3.61798562591305,9.53398943268559,0.694922851286148,0.0728889890420613,2.04607030279866,1.07314518719462,0.603751465061891,15,0.226380246562959,10,0.0972925115604038,0.0702864421689157,5.46758034381539,82.0137051572308,584.59151508533,0.587420234524676,0.963530198353962,0.603751465061891,40250.0976707928,2784.69582857874,836.372278771977,10.5,0.075773189421514,0.0619923588413892,196,12.6081367227741,3.81792606531791,0.517706391430855,0.646772007970794,616.844289427392,7.7982726905092e-05,4.86059717846096e-05,4.68511439157393e-05,6.0659384214483e-05,3.78084793211872e-05,3.64434747598869e-05
"197","PM","sheltered","CR4","Modern","PM-DS-CR4-6.tif",13.4136344070538,15,0.526080163778169,0.00238375301744006,8,3.25362900330802,10.1600054037458,NA,NA,13.4136344070538,3.25362900330802,10.1600054037458,NA,0.160705460829148,2.06632341162275,1.01767493716179,0.526080163778169,15,0.211317465475229,8,0.13108105930762,0.0550916382646809,5.19185622098554,77.8778433147831,590.3781176065,0.599106996030099,0.93314321531245,0.526080163778169,35072.0109185446,2114.29324604222,635.221117027979,8.64285714285714,0.063998138794563,0.160705460829148,197,12.6484705532695,3.49761721040664,0.451130189189947,1.43977752348368,468.750202666652,7.16189789970223e-05,4.5662357437113e-05,4.45262983480997e-05,5.51632646780066e-05,3.51706313661625e-05,3.42956017428039e-05
"198","PM","sheltered","CR4","Modern","PM-DS-CR4-5.tif",13.711210844557,14,0.37179834964893,0.00375304867982085,7,3.07986499454302,10.631345850014,NA,NA,13.711210844557,3.07986499454302,10.631345850014,NA,0.160705460829148,2.08911798694399,0.990126999871446,0.37179834964893,14,0.183884350580989,7,0.156998712438935,0.0691269122156053,5.41599065074393,75.823869110415,596.890853412569,0.61239795954914,0.928687654566784,0.37179834964893,26557.0249749236,1212.27941612648,340.36692416998,8.64285714285714,0.063998138794563,0.160705460829148,198,14.9624713908193,3.41285316455579,0.318061511398944,1.84933669571594,249.534771690914,6.30476105200075e-05,4.08481711979161e-05,4.01251302806043e-05,4.80314607748423e-05,3.11192972490865e-05,3.05684641378547e-05
"199","GBL","non-sheltered","CR2","Landrace","GBL-WW-CR2-14.tif",13.7763796472537,21,0.326045029697321,0.00590441828457693,15,3.38796956325421,10.3884100839995,NA,NA,13.7763796472537,3.38796956325421,10.3884100839995,NA,0.0811774624551921,2.09407684614056,1.03847205358334,0.326045029697321,21,0.14059963848341,15,0.0703736528371485,0.0867048951823408,3.78230839596065,79.4284763151736,598.307670325876,0.615308661036422,0.977460588193052,0.326045029697321,15525.9537951105,414.343438590387,175.001704796156,12.5,0.0716059110020947,0.0811774624551921,199,14.3951549526365,3.57500424092861,0.279557086514246,0.888996106758704,128.128767170288,6.5892371237889e-05,4.20760047044941e-05,4.0361010085815e-05,5.00798077868262e-05,3.1978788871192e-05,3.06753511705086e-05
"200","PM","non-sheltered","CR3","Modern","PM-WW-CR3-5.tif",14.01013124258,15,0.591378825826363,0.00287033836246749,10,2.86719997944732,11.1429312631327,1.89082807601875,16.9688570392129,14.01013124258,2.86719997944732,11.1429312631327,1.89082807601875,0.169688570392129,2.11176780950123,0.955331408006689,0.591378825826363,15,0.224048641587963,10,0.115643640149454,0.0604535218979339,4.88196731873191,73.2295097809787,603.362231286065,0.625748949763803,0.916465776743311,0.591378825826363,39425.2550550908,2671.73211194884,802.436099361395,11.1666666666667,0.0728647231297672,0.184533292544614,200,13.1649248381413,2.99254205054948,0.50761201764615,1.71080798985928,592.895981484784,6.13976543484584e-05,4.01075391162313e-05,3.91291281573049e-05,4.62727963739192e-05,3.02273435407059e-05,2.94899568839542e-05
"201","GBL","sheltered","CR2","Landrace","GBL-DS-CR2-2.tif",14.1002585738899,15,0.516600338663184,0.00518612333051139,11,3.7818502539021,10.3184083199878,0.527226591522213,5.10957286407172,14.1002585738899,3.7818502539021,10.3184083199878,0.527226591522213,0.0510957286407172,2.11854943341356,1.09717834643403,0.516600338663184,15,0.209404867821412,11,0.0928519169981385,0.0812599366741122,5.58704116734143,83.8056175101215,605.299838118159,0.629774399771063,1.0555726492976,0.516600338663184,34440.0225775456,2038.78177218398,612.690104304493,10.5,0.075773189421514,0.0619923588413892,201,14.8439359323972,3.99831255193536,0.442654300334281,0.558007827123982,450.840841730847,7.05955899586084e-05,4.51772109179766e-05,4.36516051218133e-05,5.30345760414825e-05,3.39391487368591e-05,3.27930451820423e-05
"202","GBL","non-sheltered","CR2","Landrace","GBL-WW-CR2-5.tif",14.4542747012713,15,0.400275208788284,0.00593060640809652,13,4.81416533862399,9.64010936264733,0.636525437309114,6.60288606035393,14.4542747012713,4.81416533862399,9.64010936264733,0.636525437309114,0.0660288606035393,2.14497984490086,1.23790000444598,0.400275208788284,15,0.184326924169416,13,0.0697753723426833,0.0868969654421157,6.28652162209947,94.2978243314921,612.851384257389,0.645586187403368,1.21754745781201,0.400275208788284,26685.0139192189,1223.99249377484,368.415295590265,12.5,0.0716059110020947,0.0811774624551921,202,14.9204857452315,4.94205574375391,0.342731561563527,0.659431088978562,270.305150004282,8.24771841863041e-05,5.17145542100497e-05,4.9220351836723e-05,6.11970857756834e-05,3.83715816812424e-05,3.65209133044268e-05
"203","GBL","non-sheltered","CR2","Landrace","GBL-WW-CR2-11.tif",14.8003305861055,19,0.316843468284497,0.00416470338018077,15,3.28464143602968,11.5156891500758,0.231330350519261,2.00882767417995,14.8003305861055,3.28464143602968,11.5156891500758,0.231330350519261,0.0200882767417995,2.17050490539545,1.02251349216388,0.316843468284497,19,0.145713784579089,15,0.076532760882105,0.0728194001330577,4.11782136714414,78.2386059757387,620.144258684415,0.66104243850803,1.03438077759343,0.316843468284497,16675.9720149735,477.998135296969,182.673672190441,12.5,0.0716059110020947,0.0811774624551921,203,15.2769921955249,3.3814154679285,0.270829743873386,0.23929593518253,132.995225285469,6.35783538027367e-05,4.08857926913265e-05,3.94477215908124e-05,4.66196102860563e-05,2.9980010608958e-05,2.89255272783952e-05
"204","GBL","non-sheltered","CR2","Landrace","GBL-WW-CR2-13.tif",14.9303129016911,21,0.425160637494198,0.00307219463459423,10,3.47986916546754,11.4504437362236,1.05568600269059,9.21960778996647,14.9303129016911,3.47986916546754,11.4504437362236,1.05568600269059,0.0921960778996646,2.180015183531,1.05246223589944,0.425160637494198,21,0.160554298265553,10,0.112755294763155,0.0625431027203525,3.83198020517441,80.4715843086625,622.861481008856,0.666847972807263,1.07324625729641,0.425160637494198,20245.7446425809,704.549314688144,296.983958426317,12.5,0.0716059110020947,0.0811774624551921,204,14.4362445850841,3.80023418008793,0.363555472261753,0.965489274491897,217.218211160447,7.21618851491854e-05,4.62097697162273e-05,4.49278032937088e-05,5.26827556573264e-05,3.37360644321915e-05,3.28001475882951e-05
"205","PM","non-sheltered","CR3","Modern","PM-WW-CR3-8.tif",15.0370044086555,14,0.930348445522025,0.0056480959488133,10,4.25462413940203,10.7823802692535,2.86006134474979,26.5253244026777,15.0370044086555,4.25462413940203,10.7823802692535,2.86006134474979,0.265253244026777,2.18779047485455,1.16373919997905,0.930348445522025,14,0.29087999872573,10,0.10240512748755,0.0848019994722268,6.34059962503126,88.7683947504376,625.082992815585,0.671613245685563,1.19236059425277,0.930348445522025,66453.4603944304,7590.6521248321,2126.57495554724,11.1666666666667,0.0728647231297672,0.184533292544614,205,14.5705044896916,4.56576235764934,0.797890726972295,2.64382937611174,1570.2631651551,6.89018389094493e-05,4.63191093780942e-05,4.48597341444391e-05,5.01239418335497e-05,3.36957094468929e-05,3.26340594171863e-05
"206","GBL","non-sheltered","CR2","Landrace","GBL-WW-CR2-7.tif",15.2990356357258,17,0.534097351193509,0.00387642907053351,13,4.07803267313619,11.2210029625896,0.0445065934327012,0.396636500151409,15.2990356357258,4.07803267313619,11.2210029625896,0.0445065934327012,0.00396636500151409,2.20677010400486,1.13933231150519,0.534097351193509,17,0.200004980567085,13,0.0821105994230516,0.0702539876801612,5.11462453798983,86.948617145827,630.505744001389,0.68331661678934,1.18826869805196,0.534097351193509,31417.491246677,1696.62902591098,578.042137507784,12.5,0.0716059110020947,0.0811774624551921,206,16.0143199790646,4.29369038742906,0.458547613784182,0.0463015034058388,426.150488496606,7.30836401798177e-05,4.67257081960588e-05,4.49980670491012e-05,5.27088099148085e-05,3.36991488844996e-05,3.24531530830871e-05
"207","BS","non-sheltered","CR3","Landrace","BS-WW-CR3-7.tif",15.3198870565143,17,0.474554525473065,0.00178830962551172,NA,5.45975497226252,9.86013208425181,NA,NA,15.3198870565143,5.45975497226252,9.86013208425181,NA,0.0928987839113064,2.20827342177268,1.31829207075377,0.474554525473065,17,0.188527044083607,10.3333333333333,0.0861272275179585,0.0477173609227506,5.89952098796478,100.291856795401,630.935263363622,0.684247925314122,1.37248989876309,0.474554525473065,27914.9720866509,1339.42463699857,456.776866478277,10.3333333333333,0.0588756405497597,0.0928987839113064,207,15.6588045817807,5.71882877901665,0.410391551582033,0.931713375627815,341.460853815713,8.82754282554952e-05,5.58529769753775e-05,5.34518049303021e-05,6.36219710018423e-05,4.02544235889654e-05,3.85238480342361e-05
"208","BS","non-sheltered","CR3","Landrace","BS-WW-CR3-14.tif",15.3364193290386,18,0.30617856525452,0.00245250410781373,14,3.46432314195956,11.872096187079,NA,NA,15.3364193290386,3.46432314195956,11.872096187079,NA,0.0928987839113064,2.20946461639311,1.05010871104901,0.30617856525452,18,0.147165563799629,14,0.0828111360960071,0.0558804546661341,4.46089474976747,80.2961054958144,631.275604683746,0.684986323262731,1.10003468151789,0.30617856525452,17009.9202919178,497.334336212115,180.140395717879,10.3333333333333,0.0588756405497597,0.0928987839113064,208,14.8106215343378,3.61735442375641,0.262212732275622,1.0316933935059,131.583225239035,6.67061895615499e-05,4.3257843548555e-05,4.17454773527858e-05,4.80506441459877e-05,3.11600356808947e-05,3.00706289801226e-05
"209","GBL","sheltered","CR3","Landrace","GBL-DS-CR3-2.tif",15.4415743070848,16,0.71193275360795,0.00316055874046198,11,3.51638595676852,11.9251883503162,0.903637256160068,7.57755122698842,15.4415743070848,3.51638595676852,11.9251883503162,0.903637256160068,0.0757755122698842,2.21702633276799,1.05796994932619,0.71193275360795,16,0.238020605080453,11,0.105368762131073,0.0634361755768311,5.05513996386006,80.882239421761,633.43609507657,0.6896829685643,1.11566205977057,0.71193275360795,44495.7971004969,3403.15609334958,1090.12561193164,13,0.0640588242778417,0.061433540487911,209,16.0500622326479,3.62143023886356,0.612841015124596,0.935248261716438,809.105649064383,6.40359423845754e-05,4.18725535124278e-05,4.07668009932588e-05,4.59698498633914e-05,3.00592905590904e-05,2.92654976453079e-05
"210","GBL","non-sheltered","CR2","Landrace","GBL-WW-CR2-10.tif",15.744738854756,19,0.245241634701224,0.00322773714110075,14,3.52667590260043,12.2180629521556,NA,NA,15.744738854756,3.52667590260043,12.2180629521556,NA,0.0811774624551921,2.2386839957553,1.05951677908557,0.245241634701224,19,0.128196261403138,14,0.0842262297621234,0.0641068059418023,4.26303005519053,80.99757104862,639.623998787228,0.703223519614555,1.13918793986081,0.245241634701224,12907.4544579591,286.368397929362,109.959179153018,12.5,0.0716059110020947,0.0811774624551921,210,15.3658351352767,3.76703273058495,0.210406787006473,0.942757797433143,80.3213705825273,6.79002665178452e-05,4.39929820506431e-05,4.24843288388591e-05,4.82723916107069e-05,3.1275966451668e-05,3.02034183987845e-05
"211","GBL","non-sheltered","CR4","Landrace","GBL-WW-CR4-1.tif",15.906053509408,15,0.741333671836686,0.00601057415204536,12,3.82169066941981,12.0843628399882,0.995698148938022,8.23955852801087,15.906053509408,3.82169066941981,12.0843628399882,0.995698148938022,0.0823955852801087,2.25012312601176,1.10294239288037,0.741333671836686,15,0.250851263610689,12,0.095598394427616,0.0874808590318315,5.61569232087736,84.2353848131604,642.892321717646,0.710428482507634,1.1968643321252,0.741333671836686,49422.2447891124,4198.44841975332,1260.73139025812,10.8333333333333,0.0878106215289254,0.156299140170473,211,15.4757918522683,4.10788903704718,0.634136736363381,0.934090138021854,924.574676473854,7.18980501049373e-05,4.66448212847931e-05,4.51460437655861e-05,5.08546840863398e-05,3.29926562297555e-05,3.19325460161441e-05
"212","GBL","sheltered","CR3","Landrace","GBL-DS-CR3-3.tif",16.0803749452559,20,0.430998736825988,0.00381614418837758,11,4.58463825101278,11.4957366942432,0.541352274362323,4.70915687059379,16.0803749452559,4.58463825101278,11.4957366942432,0.541352274362323,0.0470915687059379,2.2624195717455,1.20802966845758,0.430998736825988,20,0.165644896609849,11,0.0958536275716292,0.0697055642617833,4.60353460400986,92.0706920801972,646.405591927286,0.718214380691917,1.3225299018451,0.430998736825988,21549.9368412994,798.244418352592,320.620297242882,13,0.0640588242778417,0.061433540487911,212,16.7841184327859,4.77063122133312,0.369812833592465,0.569779210727564,235.997996280693,7.56876779671918e-05,4.88895241654732e-05,4.72822327780098e-05,5.324418260019e-05,3.43924245242563e-05,3.32617396040119e-05
"213","PM","non-sheltered","CR3","Modern","PM-WW-CR3-9.tif",16.2699808321511,14,0.746810908438071,0.00783672895563356,12,4.06383848539236,12.2061423467588,2.51303797915016,20.5883063441209,16.2699808321511,4.06383848539236,12.2061423467588,2.51303797915016,0.205883063441209,2.27571873193822,1.13734777695943,0.746810908438071,14,0.260613175451245,12,0.0948642462482324,0.0998901056545829,6.20004644643535,86.8006502500949,650.205351982347,0.726682944086463,1.26153104144717,0.746810908438071,53343.6363170051,4891.12905018247,1370.77766509254,11.1666666666667,0.0728647231297672,0.184533292544614,213,15.4465569863548,4.1530586716814,0.641303286043588,2.31104936641773,1015.4228280784,6.65163006893116e-05,4.45472184060296e-05,4.31482230754626e-05,4.65189212635009e-05,3.11545970545993e-05,3.01761939721033e-05
"214","PM","non-sheltered","CR3","Modern","PM-WW-CR3-7.tif",16.3193095500761,15,0.613214338696618,0.00496073894085109,13,3.33313123490441,12.9861783151717,1.77471021413786,13.6661469684616,16.3193095500761,3.33313123490441,12.9861783151717,1.77471021413786,0.136661469684616,2.27916598023987,1.03003331209144,0.613214338696618,15,0.228147429736002,13,0.09608712831911,0.0794745807827839,5.25328558330252,78.7992837495377,651.190280068534,0.728886163521048,1.14871415240814,0.613214338696618,40880.9559131079,2872.67153941261,862.950175976192,11.1666666666667,0.0728647231297672,0.184533292544614,214,16.9901665809143,3.47168345340829,0.527878303580651,1.84874467507675,640.184318076578,5.75495731624926e-05,3.86443561449608e-05,3.76140689482722e-05,4.01870645712052e-05,2.69854866051786e-05,2.62660335176065e-05
"215","PM","non-sheltered","CR3","Modern","PM-WW-CR3-6.tif",16.7460559749609,14,0.763117865742836,0.00681003613477382,11,3.44560570460379,13.3004502703571,1.29187107507146,9.71298752156292,16.7460559749609,3.44560570460379,13.3004502703571,1.29187107507146,0.0971298752156292,2.30877352103172,1.04726804575842,0.763117865742836,14,0.263443114482815,11,0.114682315933936,0.0931171697801722,5.72030753512483,80.0843054917476,659.649577437633,0.747946379486444,1.19797532692478,0.763117865742836,54508.4189816311,5107.06115161135,1431.1750977781,11.1666666666667,0.0728647231297672,0.184533292544614,215,17.7741214284176,3.7159262208546,0.650475245669257,1.37184741145234,1044.06930076285,6.08917215395669e-05,4.06044854172736e-05,3.96883444455718e-05,4.19756134073585e-05,2.79906387828549e-05,2.7359098430858e-05
"216","PM","sheltered","CR3","Modern","PM-DS-CR3-6.tif",17.0506536888053,19,0.345938896947789,0.00300701240438611,11,4.95812717007838,12.0925265187269,1.38089222876557,11.4193855736192,17.0506536888053,4.95812717007838,12.0925265187269,1.38089222876557,0.114193855736192,2.32967629404663,1.25627261977343,0.345938896947789,19,0.152257241406908,11,0.097582152206654,0.0618760624536949,5.03514139633196,95.6676865303073,665.621798299037,0.761550941516477,1.45711633499717,0.345938896947789,18207.3103656731,569.817099621426,217.987614191139,10.8571428571429,0.0564285498469519,0.141100414976395,216,18.0321964276166,5.2866683295377,0.297730370959163,1.46624053135505,160.80583247189,7.39056608925181e-05,4.88780942135433e-05,4.7316341634159e-05,5.04896379105371e-05,3.33917219438431e-05,3.23247898403113e-05
"217","GBL","non-sheltered","CR2","Landrace","GBL-WW-CR2-8.tif",17.0902444674851,16,0.506517837634573,0.00443636990136172,13,5.16424465259597,11.9259998148891,0.291909800462688,2.44767570848233,17.0902444674851,5.16424465259597,11.9259998148891,0.291909800462688,0.0244767570848233,2.33237942267083,1.2821193889779,0.506517837634573,16,0.200767051111183,13,0.0807892333609945,0.07515691314501,6.09967635263703,97.5948216421925,666.394120763095,0.763319225321266,1.48992007302571,0.506517837634573,31657.3648521608,1722.63556845391,552.733301978276,12.5,0.0716059110020947,0.0811774624551921,217,17.6178699566396,5.2849976774001,0.43370797107352,0.298338528102135,405.749947787565,7.99873204056697e-05,5.15728119502675e-05,4.95423114181483e-05,5.4581074174715e-05,3.51918211559022e-05,3.38062653003826e-05
"218","GBL","non-sheltered","CR2","Landrace","GBL-WW-CR2-3.tif",17.8637671384596,19,0.589150817022013,0.00361706041300214,13,4.58480175145546,13.2789653870041,1.86555334814867,14.0489359959809,17.8637671384596,4.58480175145546,13.2789653870041,1.86555334814867,0.140489359959809,2.38457830331839,1.20805120904746,0.589150817022013,19,0.198697087368457,13,0.0905020841746867,0.067862982203337,4.8459104287673,92.0722981465787,681.308086662397,0.797867866629472,1.46923056195767,0.589150817022013,31007.9377380007,1652.68335759295,629.488906447279,12.5,0.0716059110020947,0.0811774624551921,218,18.4394789338321,4.69769701271893,0.504515892856245,1.91728066849303,461.598782717515,6.6903122638184e-05,4.49147661268298e-05,4.35104072125156e-05,4.46534410773281e-05,2.99776570010456e-05,2.90403396448605e-05
"219","GBL","sheltered","CR3","Landrace","GBL-DS-CR3-4.tif",17.8954174608682,22,0.614733272292229,0.00369417562149219,17,4.50625063329885,13.3891668275694,NA,NA,17.8954174608682,4.50625063329885,13.3891668275694,NA,0.061433540487911,2.3866898196415,1.19765776672678,0.614733272292229,22,0.188619712619058,17,0.0699430619361598,0.0685825815093049,4.14988014032496,91.2973630871491,681.911377040429,0.799281497641486,1.4594458619803,0.614733272292229,27942.4214678286,1342.06010114183,591.965890364385,13,0.0640588242778417,0.061433540487911,219,18.3661483240162,4.60829279620114,0.530886104003094,0.844221927572694,441.264362719164,6.98598949881481e-05,4.59424089601624e-05,4.41619626284585e-05,4.6585641417428e-05,3.06364129238107e-05,2.94491332351452e-05
"220","GBL","non-sheltered","CR2","Landrace","GBL-WW-CR2-6.tif",17.9700471990565,15,0.549257430456641,0.0041283991293941,16,4.47522408754402,13.4948231115124,0.914705150432547,6.77819296239765,17.9700471990565,4.47522408754402,13.4948231115124,0.914705150432547,0.0677819296239765,2.39166128008316,1.19352757402294,0.549257430456641,15,0.21592225154702,16,0.0748833566287633,0.0725013174224771,6.06596106127672,90.9894159191507,683.331794309474,0.802614762654058,1.46058896923961,0.549257430456641,36617.1620304428,2304.6938913645,692.868756378588,12.5,0.0716059110020947,0.0811774624551921,220,17.4969259651006,4.65898219627825,0.471642791892809,0.87055241717393,511.567151673606,7.35073308646333e-05,4.80967467317186e-05,4.62373562969054e-05,4.89160198311655e-05,3.20063507852827e-05,3.07690050904608e-05
"221","GBL","non-sheltered","CR4","Landrace","GBL-WW-CR4-3.tif",18.1593142772008,16,0.754441892005665,0.00777326010640087,8,4.73370152678171,13.4256127504191,3.87882942514605,28.8912655031329,18.1593142772008,4.73370152678171,13.4256127504191,3.87882942514605,0.288912655031329,2.40422321358718,1.22751130105508,0.754441892005665,16,0.245023627828321,8,0.147088989066514,0.0994847835549831,5.84520266291665,93.5232426066664,686.920918167767,0.811068193483726,1.51707454859458,0.754441892005665,47152.6182503541,3821.6905010726,1224.45803489183,10.8333333333333,0.0878106215289254,0.156299140170473,221,17.288247757579,5.13326451180111,0.649039512798389,3.57918747315225,908.316288428301,6.85405723268714e-05,4.74648587462168e-05,4.65193591072345e-05,4.53725379013091e-05,3.14208217021071e-05,3.07949191636689e-05
"222","GBL","non-sheltered","CR4","Landrace","GBL-WW-CR4-6.tif",18.2589501704977,15,0.546447785194485,0.0103495377907029,13,3.63697197536644,14.6219781951312,1.94266269166007,13.2859088266657,18.2589501704977,3.63697197536644,14.6219781951312,1.94266269166007,0.132859088266657,2.41080989516109,1.07595731120362,0.546447785194485,15,0.215369284291356,13,0.102680967996728,0.114793034565926,5.48155847488947,82.2233771233421,688.802827188882,0.815518334207588,1.34109343089101,0.546447785194485,36429.852346299,2281.17555548331,685.693760075884,10.8333333333333,0.0878106215289254,0.156299140170473,222,19.280153506942,3.91253018637545,0.473606632630487,2.027897123109,515.622037393408,5.81800634602041e-05,3.96395219548506e-05,3.86921385396809e-05,3.84088546661326e-05,2.61689064474851e-05,2.55434703488935e-05
"223","GBL","non-sheltered","CR4","Landrace","GBL-WW-CR4-5.tif",18.6085443799121,15,0.566782622497573,0.00330302713792433,11,3.93199015879668,14.6765542211155,1.51930253757473,10.3519021882458,18.6085443799121,3.93199015879668,14.6765542211155,1.51930253757473,0.103519021882458,2.43377970318101,1.11874543124089,0.566782622497573,15,0.2193399261774,11,0.119548570176375,0.0648501716986059,5.69424395688803,85.4136593533205,695.365629480289,0.831132621154434,1.41980157161434,0.566782622497573,37785.5081665048,2454.11224117667,737.653473924616,10.8333333333333,0.0878106215289254,0.156299140170473,223,19.6627032768609,4.19805538522826,0.490725972126793,1.5852784129271,554.152400260925,6.36999174615926e-05,4.28059679176234e-05,4.1889993940386e-05,4.16560164640513e-05,2.79925967786582e-05,2.73936034267524e-05
"224","GBL","non-sheltered","CR2","Landrace","GBL-WW-CR2-9.tif",18.6204177161718,24,0.412331961398739,0.00151115319495856,15,6.58876088701182,12.03165682916,0.49564921962535,4.11954252571508,18.6204177161718,6.58876088701182,12.03165682916,0.49564921962535,0.0411954252571508,2.43455602604033,1.44819464438899,0.412331961398739,24,0.147901622541681,15,0.0657574254434231,0.0438641084028175,4.58239136190179,109.977392685643,695.587436011524,0.831662932224763,1.82928241758752,0.412331961398739,17180.4983916141,507.359040674375,245.361621941288,12.5,0.0716059110020947,0.0811774624551921,224,19.1052580068692,6.72252856738117,0.352421923260966,0.511424503481577,178.265035284136,9.21574479199469e-05,5.86898201746997e-05,5.57386247776775e-05,6.02463579490878e-05,3.83674677849584e-05,3.64381741871025e-05
"225","GBL","non-sheltered","CR2","Landrace","GBL-WW-CR2-2.tif",18.8824448188406,19,0.745754068996929,0.00488582791487571,0,4.77842323025441,14.1040215885862,1.53983904534508,10.9177303485639,18.8824448188406,4.77842323025441,14.1040215885862,1.53983904534508,0.109177303485639,2.45162575878882,1.23329613417065,0.745754068996929,19,0.223550720877723,12.5,0.0974663699694537,0.0788722340877365,4.94497682967176,93.9545597637635,700.464502511091,0.843366119116139,1.58476184882461,0.745754068996929,39250.2141577331,2648.06077649969,1007.84785691871,12.5,0.0716059110020947,0.0811774624551921,225,18.9051470531167,4.9725957892937,0.640112624166716,1.53544195387064,743.301725586889,7.1210483460707e-05,4.76751657694528e-05,4.62523500043975e-05,4.62285093966964e-05,3.09498228582919e-05,3.00261575667773e-05
"226","GBL","non-sheltered","CR1","Landrace","GBL-WW-CR1-1.tif",19.0415071346392,25,0.600903458947262,0.00524721279966987,14,6.44182215413802,12.5996849805012,0.931743120729136,7.39497155818632,19.0415071346392,6.44182215413802,12.5996849805012,0.931743120729136,0.0739497155818632,2.46193013077034,1.43195519367748,0.600903458947262,25,0.17493930907601,14,0.0735696383637758,0.0817371325419493,4.3506631696237,108.766579240593,703.408608791525,0.85047048347466,1.85005530465263,0.600903458947262,24036.1383578905,993.05494335724,498.377526983272,13,0.0782511470794924,0.063324565835012,226,18.6680371963738,6.71660720295086,0.515479882338961,0.870947397958667,366.071817529427,9.32337806758835e-05,5.97717158611159e-05,5.69774784613834e-05,6.02722915335924e-05,3.86402681273666e-05,3.6833893978964e-05
"227","GBL","non-sheltered","CR1","Landrace","GBL-WW-CR1-1.tif",19.0415071346392,25,0.600903458947262,0.00524721279966987,14,6.44182215413802,12.5996849805012,0.931743120729136,7.39497155818632,19.0415071346392,6.44182215413802,12.5996849805012,0.931743120729136,0.0739497155818632,2.46193013077034,1.43195519367748,0.600903458947262,25,0.17493930907601,14,0.0735696383637758,0.0817371325419493,4.3506631696237,108.766579240593,703.408608791525,0.85047048347466,1.85005530465263,0.600903458947262,24036.1383578905,993.054943357239,498.377526983272,13,0.0782511470794924,0.063324565835012,227,18.6676060174771,6.71893000552261,0.514876307157479,0.87998405689743,365.166316608774,9.30618722567735e-05,5.97066340666078e-05,5.69149513485327e-05,6.01611589132206e-05,3.85981950840588e-05,3.67934724456188e-05
"228","BS","non-sheltered","CR1","Landrace","BS-WW-CR1-3.tif",19.9378038061382,40,0.388780501368385,0.00290728226282765,13,6.59202181289778,13.3457819932404,1.2077920152684,9.0499905953817,19.9378038061382,6.59202181289778,13.3457819932404,1.2077920152684,0.090499905953817,2.51920623615586,1.44855297210166,0.388780501368385,40,0.111244180585345,13,0.0823579433887847,0.0608413243177636,2.7501027399975,110.0041095999,719.773210330247,0.890502706667737,1.95917914686571,0.388780501368385,9719.51253420961,162.380119042945,131.863274381222,13.6666666666667,0.0634711910023826,0.0848226154543805,228,20.7266031401697,6.84991181449151,0.333472893007043,1.24808454025455,95.8471618783179,8.47633397035598e-05,5.58635628795156e-05,5.36676686785503e-05,5.35506157184838e-05,3.52927126147751e-05,3.3905420810021e-05
"229","GBL","non-sheltered","CR4","Landrace","GBL-WW-CR4-4.tif",20.1366992741342,16,1.07146032946339,0.00631431260334749,12,4.07593349342154,16.0607657807126,2.94894229246665,18.3611562034485,20.1366992741342,4.07593349342154,16.0607657807126,2.94894229246665,0.183611562034485,2.53174059770484,1.13903903637396,1.07146032946339,16,0.292000177877488,12,0.11605846344424,0.0896639978163011,5.43292190950264,86.9267505520422,723.354456487097,0.899386180209585,1.56361436274065,1.07146032946339,66966.270591462,7708.25572046874,2468.20544491274,10.8333333333333,0.0878106215289254,0.156299140170473,229,19.0290329983912,4.18802619979575,0.958080936217167,2.70334105636341,1981.42372116049,6.27043981927113e-05,4.30674811439783e-05,4.21243376440291e-05,3.94183943450591e-05,2.70738736693445e-05,2.64809774216088e-05
"230","BS","non-sheltered","CR2","Landrace","BS-WW-CR2-1.tif",20.2344794107077,19,0.279221597269884,0.0071326408162079,16,5.97294517644595,14.2615342342618,1.91121622399234,13.4011964813776,20.2344794107077,5.97294517644595,14.2615342342618,1.91121622399234,0.134011964813776,2.53787998892986,1.37885731651122,0.279221597269884,19,0.136789500094918,16,0.0724389170261648,0.0952972210800923,5.51618955363562,104.807601519077,725.108568265674,0.903753435355825,1.8944045984854,0.279221597269884,14695.8735405202,371.222848993419,142.959087215985,14.5,0.0885703461670445,0.143464067438191,230,19.7514709248055,6.17618891526826,0.240036375487861,1.83157039021349,104.650006153696,8.15595910251195e-05,5.39404667645272e-05,5.16607915854077e-05,5.114746215275e-05,3.38270208036061e-05,3.23973961760296e-05
"231","BS","non-sheltered","CR2","Landrace","BS-WW-CR2-2.tif",21.3142784990836,17,0.426547444253534,0.00526087476202057,13,7.50406906385555,13.810209435228,2.11180433459753,15.2916170062605,21.3142784990836,7.50406906385555,13.810209435228,2.11180433459753,0.152916170062605,2.60471602351061,1.54551589109629,0.426547444253534,17,0.178736920332537,13,0.0814769332626396,0.0818434712539966,6.89609793177291,117.23366484014,744.204578145888,0.951981616363406,2.23208587493444,0.426547444253534,25091.0261325608,1082.13322786885,370.157383350344,14.5,0.0885703461670445,0.143464067438191,231,22.0530841883708,7.73630023701459,0.364744654393587,2.1661284683835,270.330424398531,8.62810313490982e-05,5.77970263083153e-05,5.54688525872906e-05,5.27199606802736e-05,3.5315490632959e-05,3.38929157620972e-05
"232","GBL","non-sheltered","CR2","Landrace","GBL-WW-CR2-1.tif",21.5939222640255,20,1.04708775681188,NA,NA,6.79411674563522,14.7998055183903,2.99326328709438,20.2250177096919,21.5939222640255,6.79411674563522,14.7998055183903,2.99326328709438,0.202250177096919,2.62174730630615,1.47058985717383,1.04708775681188,20,0.258185353843021,12.5,0.0920925959305862,0.0716059110020947,5.58235898754402,111.64717975088,749.070658944616,0.964471634421807,2.15361075865834,1.04708775681188,52354.3878405939,4711.40088272393,1886.71396384823,12.5,0.0716059110020947,0.0811774624551921,232,21.5666479001135,6.98513681773101,0.892210357977715,2.92818215412767,1371.89356134959,7.87472734977471e-05,5.39633424619186e-05,5.21442591362493e-05,4.78040648769997e-05,3.27588119492558e-05,3.16545251155097e-05
"233","PM","non-sheltered","CR3","Modern","PM-WW-CR3-4.tif",21.6967767146862,15,0.636281489483825,0.00483808622353375,11,5.22908206317139,16.4676946515148,0.766362188889358,4.65373086583716,21.6967767146862,5.22908206317139,16.4676946515148,0.766362188889358,0.0465373086583716,2.62798373788859,1.29014282789689,0.636281489483825,15,0.232398903324119,11,0.121621900908336,0.0784859395091985,6.54620328319948,98.1930492479922,750.852496539597,0.969065528894676,1.90310998406573,0.636281489483825,42418.7659655883,3092.85775847846,929.760437527603,11.1666666666667,0.0728647231297672,0.184533292544614,233,22.9655781491279,5.59385967520132,0.545295928246222,0.799772575832893,683.62496744872,7.348503124488e-05,4.94271817685821e-05,4.8335388194758e-05,4.45037227486103e-05,2.9933900229884e-05,2.92726923936069e-05
"234","W2","non-sheltered","CR2","Modern","W2-WW-CR2-3.tif",21.775841710167,21,0.671330821478907,NA,NA,8.20556841203508,13.5702732981319,NA,NA,21.775841710167,8.20556841203508,13.5702732981319,NA,0.189457107471363,2.63276768749533,1.61614156165486,0.671330821478907,21,0.201750075176299,17.5,0.0580929214765983,0.0723476612146572,5.83331023033267,122.499514836986,752.219339284379,0.972596890380771,2.38285294407211,0.671330821478907,31968.1343561384,1756.62261956194,740.164353160086,17.5,0.0723476612146572,0.189457107471363,234,21.7132152700521,8.31231294485883,0.576683401799649,2.53149011234177,545.594630779889,9.74720038257326e-05,6.33796517045561e-05,5.98400444163188e-05,5.89233577106678e-05,3.83139952230999e-05,3.61742470060326e-05
"235","PM","sheltered","CR3","Modern","PM-DS-CR3-7.tif",21.7766042588493,20,0.490614675965426,0.00150805284916114,11,6.40391056277681,15.3726936960725,1.10931477738776,7.21613790868137,21.7766042588493,6.40391056277681,15.3726936960725,1.10931477738776,0.0721613790868137,2.63281378435767,1.42773528441678,0.490614675965426,20,0.176730021030187,11,0.109552590903717,0.0438190885699656,5.42259714030575,108.451942806115,752.232509816478,0.972630948879499,2.10967432078674,0.490614675965426,24530.7337982713,1034.34392105795,415.847242743965,10.8571428571429,0.0564285498469519,0.141100414976395,235,22.7336351122755,6.66578758564506,0.418068296225193,1.13827546117562,301.38211260991,8.09777399149285e-05,5.43135786275869e-05,5.28203223590493e-05,4.89514589464786e-05,3.28328367427616e-05,3.19301556725974e-05
"236","GBL","non-sheltered","CR2","Landrace","GBL-WW-CR2-4.tif",21.8654611492785,19,0.863301835331053,NA,NA,4.43983068314016,17.4256304661384,2.18345858123299,12.5301554252278,21.8654611492785,4.43983068314016,17.4256304661384,2.18345858123299,0.125301554252278,2.638179760703,1.1887985529204,0.863301835331053,19,0.240524649769267,12.5,0.115950496622608,0.0716059110020947,4.77035895293396,90.6368201057453,753.765645915144,0.976599655874649,1.77031774649687,0.863301835331053,45436.9387016344,3548.64057234535,1350.25373523773,12.5,0.0716059110020947,0.0811774624551921,236,21.8828312970708,4.65732966309348,0.742294055406449,2.15122571460169,1001.72138347021,6.40991303373398e-05,4.4054948667254e-05,4.31153411808143e-05,3.86694401687049e-05,2.65772748032333e-05,2.60104325498715e-05
"237","BS","non-sheltered","CR1","Landrace","BS-WW-CR1-2.tif",23.0070061009384,22,0.424751347712211,0.00230007660197898,12,6.82828411181664,16.1787219891218,NA,NA,23.0070061009384,6.82828411181664,16.1787219891218,NA,0.0848226154543805,2.70617026319844,1.47428299130897,0.424751347712211,22,0.156787379563237,12,0.102657272657455,0.0541160649489568,5.08738817418169,111.922539831997,773.191503770982,1.02758565609415,2.30019993049972,0.424751347712211,19306.8794414641,640.719669382658,284.216854458869,13.6666666666667,0.0634711910023826,0.0848226154543805,237,22.4079404523304,7.21108561237052,0.361656167037835,1.28338367335874,205.03833313835,8.76477608191077e-05,5.86175454077071e-05,5.67938430780115e-05,5.15472901871669e-05,3.44740766330197e-05,3.34015231265149e-05
"238","GBL","sheltered","CR1","Landrace","GBL-DS-CR2-3.tif",23.0807663173316,18,0.629780088458339,0.00703110093937475,14,5.05095272648891,18.0298135908427,NA,NA,23.0807663173316,5.05095272648891,18.0298135908427,NA,0.0605018523604147,2.7105047683973,1.26797799172083,0.629780088458339,18,0.211063565084598,14,0.103037626905462,0.094616466637877,5.36335772570584,96.5404390627052,774.4299338278,1.03088008475746,1.99043232006968,0.629780088458339,34987.7826921299,2104.15015329558,759.484487506478,15.3333333333333,0.0900549834566355,0.0605018523604147,238,22.4614718368804,5.37355766791358,0.540763389308418,1.03888015952527,560.238337779957,7.24985850058746e-05,4.91727347862987e-05,4.78921137707997e-05,4.25695918538285e-05,2.88731600764301e-05,2.81212072770091e-05
"239","W2","sheltered","CR2","Modern","W2-DS-CR2-2.tif",25.3282337488453,28,0.583440183003248,0.00431790477660973,14,6.95968325392659,18.3685504949187,NA,NA,25.3282337488453,6.95968325392659,18.3685504949187,NA,NA,2.83940613541483,1.48840047851128,0.583440183003248,28,0.16288241957525,14,0.0965004040645395,0.074146659479577,4.03482641706432,112.975139677801,811.258895832809,1.13126104197675,2.55608748458756,0.583440183003248,20837.1493929731,746.312125913693,420.490877996256,13.5,0.0602695652603476,NA,239,24.620106922031,7.26165509317943,0.501178738497327,0,309.530733917117,8.75266602515678e-05,5.86007542732553e-05,5.67864523410989e-05,4.90606132656213e-05,3.28470083767692e-05,3.18300523409196e-05
"240","W2","non-sheltered","CR1","Modern","W2-WW-CR1-1.tif",26.2053530317569,28,0.770195706990554,0.00329161222328946,12,7.96178430493444,18.2435687268225,0.320491762622277,1.75673831924713,26.2053530317569,7.96178430493444,18.2435687268225,0.320491762622277,0.0175673831924713,2.88815216720736,1.5919530947624,0.770195706990554,28,0.187144294150418,12,0.108016589370414,0.0647380170272906,4.31057224091015,120.696022745484,825.186333487818,1.1704367256728,2.8253411532791,0.770195706990554,27506.9895353769,1300.55885862468,731.138301983098,12.3333333333333,0.0773404348732998,0.015744212026278,240,25.3707694698518,8.30640799243901,0.665050564263684,0.306808633720829,544.531232616339,9.61847505833363e-05,6.41078592839564e-05,6.22063463383107e-05,5.30037117822675e-05,3.53273723314481e-05,3.42795217781118e-05
"241","W2","sheltered","CR2","Modern","W2-DS-CR2-1.tif",27.6450831060815,32,0.64299862133773,0.00169038212660027,13,7.84551846565869,19.7995646404228,NA,NA,27.6450831060815,7.84551846565869,19.7995646404228,NA,NA,2.96642937840061,1.58028671128269,0.64299862133773,32,0.159950311805865,13,0.106626359009071,0.0463924710411182,3.74456803728866,119.826177193237,847.551250971604,1.23474087574486,2.95908557929471,0.64299862133773,20093.7069168041,694.007260573431,447.12373234629,13.5,0.0602695652603476,NA,241,28.6844077252447,8.1228014021523,0.550897602886124,0,327.306258526758,8.52935465207629e-05,5.81922039114298e-05,5.6648009996353e-05,4.57617148800522e-05,3.12212957751554e-05,3.03928044702e-05
"242","GBL","non-sheltered","CR1","Landrace","GBL-WW-CR1-3.tif",30.71792781188,37,0.74780925109333,0.00399038890543746,11,9.94461508689566,20.7733127249843,0.874021892382305,4.20742663413096,30.71792781188,9.94461508689566,20.7733127249843,0.874021892382305,0.0420742663413096,3.1269506081167,1.77917657821009,0.74780925109333,37,0.160416713290713,11,0.122524911809692,0.0712791761545785,3.63933528841471,134.655405671344,893.414459461915,1.37198650993254,3.69490800141157,0.74780925109333,20211.0608403603,702.137398704536,523.276583042768,13,0.0782511470794924,0.063324565835012,242,32.0263513847945,10.3317135932785,0.641816214551298,0.901767677153528,383.697519355806,9.56696178214313e-05,6.55216043178899e-05,6.39274231556022e-05,4.86937418853691e-05,3.33490627560123e-05,3.25376594306655e-05
"243","W2","non-sheltered","CR1","Modern","W2-WW-CR1-2.tif",31.7249957855701,29,1.02503624591575,0.00499458042369272,15,11.1052774250861,20.619718360484,0.492508299960979,2.38853068383723,31.7249957855701,11.1052774250861,20.619718360484,0.492508299960979,0.0238853068383723,3.17779480106662,1.88013818460734,1.02503624591575,29,0.212141517753403,15,0.0865104410972857,0.0797452023936593,4.90286562221803,142.183103044323,907.94137173332,1.41696622610837,4.02937309874184,1.02503624591575,35346.0774453705,2147.46619758973,1249.55976770079,12.3333333333333,0.0773404348732998,0.015744212026278,243,32.6192431035543,11.3665410880564,0.874175470960014,0.508139063812836,909.454743467815,9.72411276211371e-05,6.70123937014337e-05,6.46622160602872e-05,4.87017164466981e-05,3.35621220804551e-05,3.23850719178488e-05
"244","W2","non-sheltered","CR1","Modern","W2-WW-CR1-3.tif",32.2308578752095,29,0.719865291855817,0.00601844043564673,10,11.0120282687832,21.2188296064264,0.122643690326643,0.577994604799027,32.2308578752095,11.0120282687832,21.2188296064264,0.122643690326643,0.00577994604799027,3.20302992522141,1.87222794148818,0.719865291855817,29,0.177779498883341,10,0.133080198373324,0.0875380851989495,4.88252811439167,141.593315317358,915.151407206118,1.43956006665393,4.07664164872015,0.719865291855817,24822.9410984765,1059.13266062723,618.373584812516,12.3333333333333,0.0773404348732998,0.015744212026278,244,31.1595856468625,11.5504141837099,0.617397576646231,0.107678507852776,454.115824963838,0.000117272956235838,7.77489400562636e-05,7.58019657360743e-05,5.82716087944229e-05,3.86325710936168e-05,3.76651415211013e-05
"245","PM","non-sheltered","CR1","Modern","PM-WW-CR1-1.tif",32.236762542799,29,0.844220655484171,0.00190955453852014,13,15.3009591440479,16.9358033987511,2.82055419895085,16.6543867600568,32.236762542799,15.3009591440479,16.9358033987511,2.82055419895085,0.166543867600568,3.20332330805559,2.2069088254037,0.844220655484171,29,0.192523632498731,13,0.0766472678962998,0.0493084206933497,5.74300420765861,166.5471220221,915.235230873027,1.43982379291594,4.79597017858186,0.844220655484171,29111.0570856611,1456.66551513348,849.661968956,16.3333333333333,0.0713347269424835,0.103120332988785,245,33.0926881225976,15.615904446552,0.725910128071108,2.89923042736346,626.135843437638,0.000120544821686749,8.13380108695142e-05,7.74275931886935e-05,5.98918760005609e-05,4.04122383107289e-05,3.84693738427825e-05
"246","PM","sheltered","CR2","Modern","PM-DS-CR2-2.tif",32.6971131328669,22,1.33069582888565,0.00498435030941892,11,12.1551490914722,20.5419640413947,0.406758340980434,1.98013364331066,32.6971131328669,12.1551490914722,20.5419640413947,0.406758340980434,0.0198013364331066,3.22611443688245,1.96700384439216,1.33069582888565,22,0.277512862220454,11,0.1144645993173,0.0796634917560429,6.75726393808542,148.659806637879,921.746981966415,1.46038490638949,4.34201075601479,1.33069582888565,60486.174040257,6288.63106347595,2771.33967868543,13.5,0.0738158319199834,0.0482997645620181,246,34.0708838268909,12.6246417079836,1.14237667126303,0.416915043551892,2047.25012045272,0.000107543300514699,7.3408985221997e-05,7.13164483522667e-05,5.30546829884671e-05,3.62150912313295e-05,3.51827732744332e-05
"247","BS","sheltered","CR1","Landrace","BS-DS-CR1-1.tif",32.8943314166609,34,0.618760018728506,0.00200344948986698,11,12.8138884425913,20.0804429740696,0.84298281223551,4.19802896442113,32.8943314166609,12.8138884425913,20.0804429740696,0.84298281223551,0.0419802896442113,3.23582924291892,2.01960079514072,0.618760018728506,34,0.152221754314727,11,0.110566222525291,0.0505061492927162,4.48768927310859,152.581435285692,924.522640833977,1.46919347012252,4.48343296767321,0.618760018728506,18198.8240802502,569.286048793566,391.597946147298,12,0.0706465768977422,0.0898290289833634,247,NA,NA,NA,NA,NA,NA,NA,NA,NA,NA,NA
"248","BS","non-sheltered","CR1","Landrace","BS-WW-CR1-1.tif",33.2560806399421,36,0.546473989459803,0.00447177099408537,16,9.41515881123114,23.840921828711,1.88689750535875,7.9145324954944,33.2560806399421,9.41515881123114,23.840921828711,1.88689750535875,0.079145324954944,3.25357330383364,1.73116669607675,0.546473989459803,36,0.139023608461677,16,0.0951504129848054,0.0754561837404275,3.64099413498563,131.075788859483,929.592372523897,1.48535064899734,3.89387016100542,0.546473989459803,15179.8330405501,396.075406761804,289.068163029504,13.6666666666667,0.0634711910023826,0.0848226154543805,248,32.5246228663854,9.79680082422622,0.465852592295797,1.78563533995013,207.963628051084,8.70297418624431e-05,6.10815327763171e-05,5.93018601663184e-05,4.25723114862627e-05,2.98792341992906e-05,2.90086723077457e-05
"249","BS","sheltered","CR1","Landrace","BS-DS-CR1-2.tif",37.1831416633431,39,0.58043369828418,0.00684033750407286,13,15.4256422245521,21.757499438791,3.14099993585347,14.4364013184964,37.1831416633431,15.4256422245521,21.757499438791,3.14099993585347,0.144364013184964,3.44031417036504,2.2158823120394,0.58043369828418,39,0.137657242281774,13,0.0941870660250496,0.0933241030469653,4.28759449193994,167.216185185657,982.946905818583,1.66074902810624,5.55408234061429,0.58043369828418,14882.91534062,380.732464289405,302.525404486351,12,0.0706465768977422,0.0898290289833634,249,38.3995896818062,15.8697404760763,0.50071767017604,3.23414620800125,221.547600698446,0.00010841333970454,7.59951069204943e-05,7.3344754923159e-05,5.01539047209969e-05,3.51566639505787e-05,3.39305648200315e-05
"250","PM","sheltered","CR3","Modern","PM-DS-CR3-8.tif",37.9745934065651,15,0.697810471719593,0.00374521722048895,14,8.25001289897007,29.724580507595,2.75505650085084,9.26861356427516,37.9745934065651,8.25001289897007,29.724580507595,2.75505650085084,0.0926861356427516,3.47673532284519,1.62051247045062,0.697810471719593,15,0.24337623649043,14,0.132587346599612,0.069054751239503,8.18836065311988,122.825409796798,993.352949384341,1.69609845407056,4.16647975353864,0.697810471719593,46520.6981146396,3719.94341572027,1120.14950446962,10.8571428571429,0.0564285498469519,0.141100414976395,250,36.4349075898988,8.52854406141486,0.604954972434961,2.58748054144705,843.772622021874,7.80023434860734e-05,5.59290310974631e-05,5.49712194422811e-05,3.57072292992412e-05,2.56027017731598e-05,2.51642431465523e-05
"251","GBL","sheltered","CR1","Landrace","GBL-DS-CR1-2.tif",39.1330754107835,22,0.661194464917143,0.0062227714075477,19,12.9093847875183,26.2236906232652,1.87362027121568,7.14476195640226,39.1330754107835,12.9093847875183,26.2236906232652,1.87362027121568,0.0714476195640226,3.52936889259655,2.02711242964413,0.661194464917143,22,0.195617778924815,19,0.079066129629075,0.0890116769527292,6.96097739792118,153.141502754266,1008.39111217044,1.74784093134706,5.35333973603808,0.661194464917143,30054.2938598701,1552.59057003136,688.493190549835,15.3333333333333,0.0900549834566355,0.0605018523604147,251,40.0232415792299,13.1622677095726,0.568723341788268,1.91975627961151,508.01842583407,9.26834744911891e-05,6.61177770122592e-05,6.38484844410544e-05,4.17951014957578e-05,2.98154467780981e-05,2.87921218125878e-05
"252","PM","sheltered","CR2","Modern","PM-DS-CR2-1.tif",40.6341473951268,21,0.748756775100655,0.0036282822313619,16,11.8600536654677,28.7740937296591,2.20979839475724,7.67981926909297,40.6341473951268,11.8600536654677,28.7740937296591,2.20979839475724,0.0767981926909297,3.59642194862035,1.94298027071524,0.748756775100655,21,0.213066805468829,16,0.103340104869069,0.067968172083924,6.99374328497754,146.868608984528,1027.54912817724,1.81488485844946,5.3309922925511,0.748756775100655,35655.0845286026,2185.17804240514,923.105770102708,13.5,0.0738158319199834,0.0482997645620181,252,39.8605276197324,12.3799685931621,0.643103817103382,2.09649015858232,679.232958232528,9.1812860857665e-05,6.5846139116508e-05,6.41304355258856e-05,4.06305790968475e-05,2.91393464772093e-05,2.83800843237992e-05
"253","PM","non-sheltered","CR2","Modern","PM-WW-CR2-2.tif",41.7239218460612,20,0.996305300090236,0.00556465961745004,14,10.4052358640519,31.3186859820093,NA,NA,41.7239218460612,10.4052358640519,31.3186859820093,NA,NA,3.6443294052488,1.81991468030835,0.996305300090236,20,0.251846709994802,14,0.130315337495747,0.084173301455558,6.88464192818953,137.692838563791,1041.23697292823,1.8635585793693,5.13197341246527,0.996305300090236,49815.2650045118,4265.48851679557,1711.32738013069,14.5,0.0868261328023894,NA,253,40.2896144189737,10.7906797899261,0.85218426966535,0,1255.33436040137,9.30349965933678e-05,6.56904417613313e-05,6.44286658338145e-05,4.06301899247805e-05,2.86882917475797e-05,2.81372496940008e-05
"254","BS","sheltered","CR1","Landrace","BS-DS-CR1-4.tif",42.6478007053994,34,0.713218397639796,NA,NA,16.0604747953114,26.587325910088,NA,NA,42.6478007053994,16.0604747953114,26.587325910088,NA,0.0898290289833634,3.68445607770328,2.26101921799732,0.713218397639796,34,0.163428151861339,12,0.11861973830883,0.0706465768977422,5.01710567334941,170.58159289388,1052.70173648665,1.90482273428191,6.49855392388568,0.713218397639796,20977.0116952881,756.364483941539,520.826403004132,12,0.0706465768977422,0.0898290289833634,254,41.7326296553911,16.7553275349729,0.61130800220102,2.25081221335888,379.582719518341,0.000117420670732434,8.21785494377781e-05,7.99489870286034e-05,5.07214084633136e-05,3.54981090378393e-05,3.45350201290058e-05
"255","W2","non-sheltered","CR2","Modern","W2-WW-CR2-2.tif",43.2251612642417,24,0.87681053821985,0.00340094072426961,18,15.2635411558924,27.9616201083493,6.69195655430202,23.9326495688418,43.2251612642417,15.2635411558924,27.9616201083493,6.69195655430202,0.239326495688418,3.70931208747616,2.20420871246208,0.87681053821985,24,0.215676247581689,18,0.0836168541674493,0.0658043480283812,6.93107506671551,166.345801601172,1059.80345356462,1.93060998474196,6.42297730982258,0.87681053821985,36533.7724258271,2294.20871644187,1107.64316120192,17.5,0.0723476612146572,0.189457107471363,255,42.2686501049395,15.550625690626,0.750911853094928,6.41574279045695,811.542401471225,9.57959664314845e-05,6.97700794962701e-05,6.73642013316793e-05,4.11030434384662e-05,2.99361519599212e-05,2.89038651279118e-05
"256","GBL","sheltered","CR1","Landrace","GBL-DS-CR1-1.tif",44.2427542406386,29,0.916078091747073,0.0058815475520874,13,13.7108616522871,30.5318925883515,1.51304106910683,4.95560851568069,44.2427542406386,13.7108616522871,30.5318925883515,1.51304106910683,0.0495560851568069,3.75271982258136,2.08909138431549,0.916078091747073,29,0.200549834934715,13,0.127971418328144,0.0865368067793004,5.44009150395044,157.762653614563,1072.20566359467,1.9760597899752,6.23496872335047,0.916078091747073,31588.8997154163,1715.19256453831,1001.04665615557,15.3333333333333,0.0900549834566355,0.0605018523604147,256,46.1019237214355,14.3126923355637,0.784055290193426,1.57687693472875,732.260018477055,9.76034495420256e-05,6.99666740370043e-05,6.85276948514162e-05,4.13941679417688e-05,2.96732571338855e-05,2.9062978026411e-05
"257","W2","non-sheltered","CR2","Modern","W2-WW-CR2-1.tif",44.9752646541369,25,1.0226420849205,0.00488814996962984,17,13.7758227331186,31.1994419210183,4.35505893976223,13.9587719254309,44.9752646541369,13.7758227331186,31.1994419210183,4.35505893976223,0.139587719254309,3.78365846412492,2.09403451888145,1.0226420849205,25,0.228216418570724,17,0.0993896438378516,0.0788909744009332,6.32524854911203,158.131213727801,1081.04527546426,2.00877665850421,6.35300582234693,1.0226420849205,40905.68339682,2876.14775077346,1444.42688120908,17.5,0.0723476612146572,0.189457107471363,257,46.0119484632201,14.0135530854497,0.882846539961665,4.4834160134394,1076.9779932714,8.61795269622048e-05,6.35193319286783e-05,6.19019350039391e-05,3.6250358850844e-05,2.67186263088946e-05,2.60382881706758e-05
"258","W2","sheltered","CR1","Modern","W2-DS-CR1-1.tif",46.1431070554323,26,1.28755151097738,0.00238014429422963,15,16.1966678458633,29.946439209569,4.72785434430188,15.787701206196,46.1431070554323,16.1966678458633,29.946439209569,4.72785434430188,0.15787701206196,3.83246750214286,2.27058571707245,1.28755151097738,26,0.251102300609801,15,0.104125452338027,0.0550499213222774,6.58826427172777,171.294871064922,1094.99071489796,2.06093720885503,7.06055946927445,1.28755151097738,49521.2119606684,4215.27989275015,2199.00610369935,16.5,0.0734462671995866,0.152747892555307,258,47.1494559139279,16.4120067762095,1.10939504191364,4.86734981958633,1635.48070329379,9.55378201709503e-05,7.01091382113407e-05,6.82511002133265e-05,3.96750039600585e-05,2.911496547853e-05,2.83433583307299e-05
"259","PM","non-sheltered","CR1","Modern","PM-WW-CR1-2.tif",49.3535375066829,23,1.26212614519164,0.00677590440201347,12,17.9452380068692,31.4082994998137,3.31978025136983,10.5697548235285,49.3535375066829,17.9452380068692,31.4082994998137,3.31978025136983,0.105697548235285,3.96354877685638,2.39000976305696,1.26212614519164,23,0.264327606225943,12,0.131128251149952,0.0928835261819264,7.83474469276203,180.199127933527,1132.44250767325,2.20432797717662,7.94435958333403,1.26212614519164,54875.049790941,5175.99373204347,2388.90147632333,16.3333333333333,0.0713347269424835,0.103120332988785,259,48.026561853316,18.608451611889,1.08049543220137,3.10586060951939,1755.38391567284,0.0001172654038524,8.3726365166669e-05,8.18123024591318e-05,4.70875211269114e-05,3.36200350584844e-05,3.28514497364842e-05
"260","BS","sheltered","CR1","Landrace","BS-DS-CR1-3.tif",49.6632638553284,31,0.706257075159209,0.00364338435824891,NA,18.9214959935608,30.7417678617675,2.55595616882621,8.31427841209146,49.6632638553284,18.9214959935608,30.7417678617675,2.55595616882621,0.0831427841209147,3.97596628070525,2.45415957837656,0.706257075159209,31,0.170316066414078,12,0.126817225194058,0.0681094783535453,5.96716574721794,184.982138163756,1135.99036591579,2.21816160471538,8.20640552865999,0.706257075159209,22782.4862954584,892.16693276009,561.349903839916,12,0.0706465768977422,0.0898290289833634,260,48.3651035434511,19.5727551596708,0.603770816280066,2.36693238380555,406.483890535903,0.0001234274019919,8.72954895180913e-05,8.51459044644681e-05,4.94070617131011e-05,3.49437286071917e-05,3.40832658599576e-05
"261","PM","non-sheltered","CR2","Modern","PM-WW-CR2-1.tif",53.668314735506,22,0.963919960540579,0.00628827863407503,15,13.2737219641504,40.3945927713556,NA,NA,53.668314735506,13.2737219641504,40.3945927713556,NA,NA,4.13317736797428,2.05551865173829,0.963919960540579,22,0.236191468143175,15,0.138510581082399,0.0894789641492208,7.05724866698214,155.259470673607,1180.90781942122,2.39704332528093,7.44327355729639,0.963919960540579,43814.5436609354,3299.74570819074,1459.33138516122,14.5,0.0868261328023894,NA,261,56.1351017519938,14.0321792337183,0.826867862118667,0,1075.14085235063,9.01328624830767e-05,6.59627897906506e-05,6.49228517501388e-05,3.47071739779568e-05,2.54000811498177e-05,2.49996355242822e-05
"262","PM","sheltered","CR1","Modern","PM-DS-CR1-1.tif",55.174348710169,26,0.993714308794081,0.00327858455459622,14,16.6629668422998,38.5113818678692,3.77314946559401,9.79749176110977,55.174348710169,16.6629668422998,38.5113818678692,3.77314946559401,0.0979749176110977,4.19076850448682,2.30303866208467,0.993714308794081,26,0.220596773995328,14,0.134837845885868,0.0646097787155306,6.68132933250126,173.714562645033,1197.36242985338,2.46430887487762,8.56172676843278,0.993714308794081,38219.7811074647,2510.84716462529,1314.20225237358,15.6666666666667,0.0734825870275253,0.0687007759561393,262,53.5193607326323,17.1960704496056,0.851625953092929,3.57636751389398,962.610282751472,0.000102919881720194,7.53837175940288e-05,7.39628986288042e-05,3.90864059913228e-05,2.86288571437146e-05,2.80892655119838e-05
"263","W2","sheltered","CR1","Modern","W2-DS-CR1-2.tif",57.9055869217429,26,1.01006591351066,0.00662488501214978,18,18.518678538303,39.38690838344,5.81424708974311,14.7618773048653,57.9055869217429,18.518678538303,39.38690838344,5.81424708974311,0.147618773048653,4.29324129096719,2.42789589105493,1.01006591351066,26,0.222404332403743,18,0.103630299995125,0.0918426130768958,7.03938144757907,183.023917637056,1226.64036884777,2.5862969856851,9.4670841298599,1.01006591351066,38848.6889811792,2594.15918314299,1358.42985936422,16.5,0.0734462671995866,0.152747892555307,263,56.596170709511,18.9485577188194,0.866164716718501,5.5200243857485,995.006249785869,9.77140089030456e-05,7.30292440303562e-05,7.12345862132123e-05,3.6223604666631e-05,2.70727042576194e-05,2.64074058422755e-05
"264","PM","sheltered","CR1","Modern","PM-DS-CR1-3.tif",60.5273743955523,25,1.12510308816844,0.0033284561971767,17,19.0628349736217,41.4645394219306,1.97859462030298,4.77177522742844,60.5273743955523,19.0628349736217,41.4645394219306,1.97859462030298,0.0477177522742843,4.38935777248243,2.46330851311684,1.12510308816844,25,0.239376334984034,17,0.113297015256799,0.0650993245215663,7.42657130951967,185.664282737992,1254.10222070927,2.70339658524159,10.0384837591043,1.12510308816844,45004.1235267376,3481.35653847926,1750.71675299873,15.6666666666667,0.0734825870275253,0.0687007759561393,264,62.2487661884954,19.5689739424241,0.964625661303218,2.04410200661279,1286.36762172512,9.83930010518199e-05,7.34336710013004e-05,7.18698872344019e-05,3.56765916444918e-05,2.66265188099057e-05,2.60595021087631e-05
"265","PM","sheltered","CR1","Modern","PM-DS-CR1-2.tif",60.7916555759516,23,0.839268646717992,0.0064665789416017,16,16.3179877814276,44.473667794524,2.68663906071836,6.0409657983036,60.7916555759516,16.3179877814276,44.473667794524,2.68663906071836,0.060409657983036,4.39892997981388,2.27907367881223,0.839268646717992,23,0.215546830345692,16,0.132491018812603,0.0907386578454792,7.47511884748868,171.92773349224,1256.83713708968,2.7152004483328,9.33636518117942,0.839268646717992,36489.9411616518,2288.70708112982,1062.1416225009,15.6666666666667,0.0734825870275253,0.0687007759561393,265,59.0560454236946,16.8297395743201,0.71844144391442,2.53950575027709,774.402812474648,9.72853448651768e-05,7.20706317929258e-05,7.08160919442469e-05,3.51982041013249e-05,2.60754259654875e-05,2.5621528724251e-05
"266","PM","non-sheltered","CR1","Modern","PM-WW-CR1-3.tif",110.911075424562,34,1.25052317562621,0.00405029592940776,24,39.5419452124341,71.3691302121279,2.64919236186069,3.71195831305018,110.911075424562,39.5419452124341,71.3691302121279,2.64919236186069,0.0371195831305018,5.94172464819047,3.54775874039591,1.25052317562621,34,0.216402101137938,24,0.0997485794914399,0.0718122339521744,7.83884975540939,266.520891683919,1697.63561376871,4.95373581891678,26.4054817524854,1.25052317562621,36780.0934007708,2325.24940899888,1607.57507987173,16.3333333333333,0.0713347269424835,0.103120332988785,266,109.29985090373,40.2341141514285,1.06385251576447,2.57194075902409,1150.39052673837,0.00011807021093891,9.21866708474353e-05,9.00789395930874e-05,3.16262681552454e-05,2.46931071722133e-05,2.41285306095129e-05
